market,asin,title,category,price_usd,monthly_sold,rating,reviews,offers,bb_amazon,net_rev_after_promo,referral_usd,fba_fee_usd,ppc_usd,returns_usd,storage_misc_usd,contribution_usd,freight_usd,duty_pct,max_factory_cogs_25,max_factory_cogs_20,landed_at_25,net_profit_unit_25,roi_25_pct,monthly_net_potential_usd,listed_since,verdict,confidence,rationale,alibaba_url,fba_fee_source,volatility,weight_g,brand,found_by,url
US,B0GWFN7Y8T,"Pocket Hose Ballistic 50 FT Expandable Garden Hose w/Pocket Pivot Swivel Connector, Anti-Burst Sleeve Reinforced with Bulletproof Fiber, Lightweight, No-Kink, Compact, UV-Protected, AS SEEN ON TV","Patio, Lawn & Garden > Gardening & Lawn Care",59.99,40000,4.2,15862,1,False,53.99,8.1,7.5,8.1,1.62,0.85,27.82,1.87,35.0,9.23,11.23,14.33,13.5,94.2,539910.0,2026-04-07,BUY,high,+ продажи ≈40000/мес; + вход при закупке ≤$9.23 даёт маржу 25%; + Buy Box не у Amazon; + конкуренция умеренная (1 офферов),https://www.alibaba.com/trade/search?SearchText=ballistic%20expandable%20garden%20hose%20pocket,keepa,0.315,1701,Pocket Hose,US_garden,https://www.amazon.com/dp/B0GWFN7Y8T
US,B0GT7N4VY1,"Spruce Weed Killer Spray Power Wand Kit - Weed + Grass Killer₃ Reusable Weed Sprayer, Spot-Treating Kills Weeds in Lawns and Gardens, Additional 2 AA Batteries Included for Continuous Power (64 oz)","Patio, Lawn & Garden > Gardening & Lawn Care",39.97,30000,4.1,823,1,False,35.97,5.4,8.12,5.4,1.08,0.85,15.13,2.78,35.0,2.48,3.82,6.14,8.99,146.5,242818.0,2026-04-01,WATCH,high,+ продажи ≈30000/мес; + Buy Box не у Amazon; + конкуренция умеренная (1 офферов),https://www.alibaba.com/trade/search?SearchText=weed%20killer%20spray%20power%20wand,keepa,0.0,2531,Spruce,US_garden,https://www.amazon.com/dp/B0GT7N4VY1
US,B0GYF91BXB,"HOMESURE Supports 200lbs Heavy Duty Moving Bags - Strong Zipper & Wrap-Around Handles - Water-Resistant Storage Totes, Durable Alternative to Moving Boxes - 8 Pack - Semi-Transparent",Home & Kitchen > Storage & Organization,29.99,30000,4.8,6960,1,False,26.99,4.05,7.4,4.05,0.81,0.85,9.83,2.03,35.0,0.78,1.78,3.09,6.75,218.6,212554.0,2026-04-24,WATCH,high,+ продажи ≈30000/мес; + Buy Box не у Amazon; + конкуренция умеренная (1 офферов),https://www.alibaba.com/trade/search?SearchText=supports%20lbs%20heavy%20duty%20moving,keepa,0.231,1845,HOMESURE,"US_home_kitchen,US_storage",https://www.amazon.com/dp/B0GYF91BXB
US,B0GLTX2PNR,"HP 63XL/65XL Black High-Yield Ink Cartridge (Replaces and Works with Both 63XL & 65XL) | Works with AMP; DeskJet 1100, 2100, 2600, 3600; Envy 4500, 5000; OfficeJet 3800, 4600, 5200 Series | B7RT5AN",Office Products > Office Electronics,46.89,20000,4.7,235542,25,False,42.2,6.33,3.86,6.33,1.27,0.85,23.56,0.25,35.0,9.46,11.02,13.01,10.55,81.1,188322.0,2026-04-13,WATCH,high,"+ продажи ≈20000/мес; + вход при закупке ≤$9.46 даёт маржу 25%; + Buy Box не у Amazon; − много офферов (25); − известный бренд — листинг = референс ниши, продаём PL-аналог",https://www.alibaba.com/trade/search?SearchText=high%20yield%20ink%20cartridge%20replaces,keepa,0.23,50,HP,US_office,https://www.amazon.com/dp/B0GLTX2PNR
US,B0G625WMBN,"Blink Battery Doorbell 2K+ (newest model) — Wireless video doorbell, 2K resolution, enhanced audio. Required Sync Module not included – Add-On (Black)",Tools & Home Improvement > Electrical,69.99,10000,4.2,202,1,False,62.99,9.45,4.47,9.45,1.89,0.85,36.88,0.25,35.0,15.47,17.8,21.14,15.75,74.5,157478.0,2026-03-31,WATCH,high,"+ продажи ≈10000/мес; + вход при закупке ≤$15.47 даёт маржу 25%; + Buy Box не у Amazon; + конкуренция умеренная (1 офферов); − известный бренд — листинг = референс ниши, продаём PL-аналог",https://www.alibaba.com/trade/search?SearchText=battery%20doorbell%20newest%20model%20wireless,keepa,0.0,209,Blink,US_tools_diy,https://www.amazon.com/dp/B0G625WMBN
US,B0G62ZV449,"Blink Battery Doorbell 2K+ (newest model) — Wireless video doorbell, 2K resolution, enhanced audio. Required Sync Module not included – Add-On (White)",Tools & Home Improvement > Electrical,69.99,7000,4.2,202,1,False,62.99,9.45,4.47,9.45,1.89,0.85,36.88,0.25,35.0,15.47,17.8,21.14,15.75,74.5,99211.0,2026-03-31,WATCH,high,"+ продажи ≈7000/мес; + вход при закупке ≤$15.47 даёт маржу 25%; + Buy Box не у Amazon; + конкуренция умеренная (1 офферов); − волатильность цены 1.509; − известный бренд — листинг = референс ниши, продаём PL-аналог",https://www.alibaba.com/trade/search?SearchText=battery%20doorbell%20newest%20model%20wireless,keepa,1.509,209,Blink,US_tools_diy,https://www.amazon.com/dp/B0G62ZV449
US,B0GPZPSG9Z,"HydroJug Traveler 40oz, Insulated Tumbler with Handle & Straw, Primrose",Home & Kitchen > Kitchen & Dining,44.99,10000,4.6,17512,5,False,40.49,6.07,6.18,6.07,1.21,0.85,20.1,0.88,35.0,6.74,8.24,9.98,10.12,101.5,95660.0,2026-02-24,WATCH,high,"+ продажи ≈10000/мес; + вход при закупке ≤$6.74 даёт маржу 25%; + Buy Box не у Amazon; + конкуренция умеренная (5 офферов); − волатильность цены 0.646; − известный бренд — листинг = референс ниши, продаём PL-аналог",https://www.alibaba.com/trade/search?SearchText=traveler%20insulated%20tumbler%20handle%20straw,keepa,0.646,798,HydroJug,US_home_kitchen,https://www.amazon.com/dp/B0GPZPSG9Z
US,B0GYRT3FNL,"DUMOS 64""x21"" Arched Full Length Floor Mirror, Full Body Mirror with Stand, Shatterproof Tempered Glass, Modern Aluminum Alloy Frame, Free Standing or Leaning for Home Decor, Gold",Home & Kitchen > Home Décor Products,48.97,10000,4.6,2757,1,False,44.07,6.61,35.51,6.61,1.32,0.85,-6.83,10.39,35.0,-20.92,-19.29,,11.02,,93710.0,2026-04-28,SKIP,high,+ продажи ≈10000/мес; + Buy Box не у Amazon; + конкуренция умеренная (1 офферов); − экономика не сходится (закупка ≤$0.00 при марже 20%); − тяжёлый товар 9.4 кг,https://www.alibaba.com/trade/search?SearchText=arched%20full%20length%20floor%20mirror,keepa,0.442,9448,DUMOS,US_home_kitchen,https://www.amazon.com/dp/B0GYRT3FNL
US,B0G62LKVGT,"Introducing Blink Wired Doorbell 2K+ — Head-to-Toe 2K video doorbell, continuous hardwired power, pair with Alexa or Blink Chime (sold separately) required for in-home alerts",Tools & Home Improvement > Electrical,49.99,9000,4.1,293,1,False,44.99,6.75,4.09,6.75,1.35,0.85,25.2,0.25,35.0,10.15,11.82,13.96,11.25,80.6,91107.0,2026-03-31,WATCH,high,"+ продажи ≈9000/мес; + вход при закупке ≤$10.15 даёт маржу 25%; + Buy Box не у Amazon; + конкуренция умеренная (1 офферов); − волатильность цены 2.769; − известный бренд — листинг = референс ниши, продаём PL-аналог",https://www.alibaba.com/trade/search?SearchText=introducing%20wired%20doorbell%20head%20toe,keepa,2.769,150,Blink,US_tools_diy,https://www.amazon.com/dp/B0G62LKVGT
US,B0GLVQP6J4,"HP 61XL Black High-Yield Ink | Works with DeskJet 1000, 1010, 1050, 1510, 2050, 2510, 2540, 3000, 3050, 3510; Envy 4500, 5530; OfficeJet 2620, 4630 | C0PA4AN CH563WN|Packaging May Vary",Office Products > Office Electronics,49.89,9000,4.7,90451,20,False,44.9,6.74,3.86,6.74,1.35,0.85,25.37,0.25,35.0,10.3,11.96,14.15,11.23,79.3,90167.0,2026-04-08,WATCH,high,"+ продажи ≈9000/мес; + вход при закупке ≤$10.30 даёт маржу 25%; + Buy Box не у Amazon; − известный бренд — листинг = референс ниши, продаём PL-аналог",https://www.alibaba.com/trade/search?SearchText=high%20yield%20ink%20works%20deskjet,keepa,0.002,91,HP,US_office,https://www.amazon.com/dp/B0GLVQP6J4
US,B0GWFRGX48,"Pocket Hose Ballistic 25 FT Expandable Garden Hose w/Pocket Pivot Swivel Connector, Anti-Burst Sleeve Reinforced with Bulletproof Fiber, Lightweight, No-Kink, Compact, UV-Protected, AS SEEN ON TV","Patio, Lawn & Garden > Gardening & Lawn Care",39.99,10000,4.2,15791,1,False,35.99,5.4,6.76,5.4,1.08,0.85,16.5,1.44,35.0,4.49,5.82,7.51,9.0,119.9,89978.0,2026-04-07,BUY,high,+ продажи ≈10000/мес; + вход при закупке ≤$4.49 даёт маржу 25%; + Buy Box не у Amazon; + конкуренция умеренная (1 офферов),https://www.alibaba.com/trade/search?SearchText=ballistic%20expandable%20garden%20hose%20pocket,keepa,0.0,1311,Pocket Hose,US_garden,https://www.amazon.com/dp/B0GWFRGX48
US,B0GQHGFFHC,"Handheld Steam Cleaner, 230°F Pressurized Steamer with No Water Spitting & Continuous Steam, 350ML Chemical-Free Deep Cleaning for Grease & Grime, 12 Accessories for Grout, Bathroom, Kitchen & Car",Home & Kitchen > Vacuums & Floor Care,69.99,6000,4.4,573,3,False,62.99,9.45,7.67,9.45,1.89,0.85,33.68,2.0,35.0,11.8,14.14,17.94,15.75,87.8,85038.0,2026-02-27,BUY,high,+ продажи ≈6000/мес; + вход при закупке ≤$11.80 даёт маржу 25%; + Buy Box не у Amazon; + конкуренция умеренная (3 офферов); − волатильность цены 1.026,https://www.alibaba.com/trade/search?SearchText=handheld%20steam%20cleaner%20pressurized%20steamer,keepa,1.026,1819,Likzest,US_home_kitchen,https://www.amazon.com/dp/B0GQHGFFHC
US,B0H2ZJFN9G,POCALAND Bidet Attachment,Tools & Home Improvement > Kitchen & Bath Fixtures,39.99,10000,4.6,62,6,False,35.99,2.88,6.31,5.4,1.08,0.85,19.47,0.65,35.0,7.27,8.61,10.48,9.0,85.9,85029.0,2026-05-26,BUY,high,+ продажи ≈10000/мес; + вход при закупке ≤$7.27 даёт маржу 25%; + Buy Box не у Amazon; + конкуренция умеренная (6 офферов); − волатильность цены 1.375,https://www.alibaba.com/trade/search?SearchText=bidet%20attachment,keepa,1.375,595,POCALAND,US_tools_diy,https://www.amazon.com/dp/B0H2ZJFN9G
US,B0GH7X9FGS,"LEVOIT Tower Fan for Bedroom, 20dB Quiet Desk Fan with 23ft/s, Portable & Easy to Carry, 3-Angle & 5-Speed Mini Oscillating Fan, DC Motor, Bladeless, Remoter, 12H Timer, for Home, Room, Office, White","Home & Kitchen > Heating, Cooling & Air Quality",39.98,9000,4.4,1081,1,False,35.98,5.4,7.82,5.4,1.08,0.85,15.44,1.72,35.0,3.5,4.83,6.44,9.0,139.6,80960.0,2026-04-03,WATCH,high,"+ продажи ≈9000/мес; + вход при закупке ≤$3.50 даёт маржу 25%; + Buy Box не у Amazon; + конкуренция умеренная (1 офферов); − известный бренд — листинг = референс ниши, продаём PL-аналог",https://www.alibaba.com/trade/search?SearchText=tower%20fan%20bedroom%20quiet%20desk,keepa,0.245,1565,Levoit,US_home_kitchen,https://www.amazon.com/dp/B0GH7X9FGS
US,B0GJS94H49,"250 Anniversary Usa Flag, Commemorative House Flags, Two-sided Design 3x5 Ft, Patriotic Flags 5","Patio, Lawn & Garden > Outdoor Décor",39.99,8000,4.6,352,2,False,35.99,5.4,4.76,5.4,1.08,0.85,18.5,0.39,35.0,6.75,8.08,9.51,9.0,94.7,75581.0,2026-02-28,BUY,high,+ продажи ≈8000/мес; + вход при закупке ≤$6.75 даёт маржу 25%; + Buy Box не у Amazon; + конкуренция умеренная (2 офферов),https://www.alibaba.com/trade/search?SearchText=anniversary%20usa%20flag%20commemorative%20house,keepa,0.366,358,RustField Co.,US_garden,https://www.amazon.com/dp/B0GJS94H49
US,B0H3T9MSFL,"Uwant Upholstery Cleaner Machine with 18Kpa Suction Portable Carpet Cleaner Machine for Cars, Pets with Pet Pro Solution and Self Cleaning Tools Set of 1 for Spot, Rug, Couch",Home & Kitchen > Vacuums & Floor Care,69.97,5000,4.6,156,1,False,62.97,9.45,10.88,9.45,1.89,0.85,30.46,5.03,35.0,7.18,9.51,14.72,15.74,107.0,74387.0,2026-06-03,BUY,high,+ продажи ≈5000/мес; + вход при закупке ≤$7.18 даёт маржу 25%; + Buy Box не у Amazon; + конкуренция умеренная (1 офферов); − тяжёлый товар 4.6 кг,https://www.alibaba.com/trade/search?SearchText=upholstery%20cleaner%20machine%20kpa%20suction,keepa,0.37,4570,uwant,US_home_kitchen,https://www.amazon.com/dp/B0H3T9MSFL
US,B0GTMLLHKJ,"BOZYBO Rain Shower Head with Handheld: High Pressure Shower Heads with Handheld Spray Combo, 12"" Rainfall Shower Head and 9 Sprays Hand Showerheads with Magnetic Docking and Power Jets, Nickel 1.75GPM",Tools & Home Improvement > Kitchen & Bath Fixtures,59.99,5000,4.4,2820,1,False,53.99,8.1,7.9,8.1,1.62,0.85,27.42,2.07,35.0,8.79,10.79,13.93,13.5,96.9,67489.0,2026-05-26,BUY,high,+ продажи ≈5000/мес; + вход при закупке ≤$8.79 даёт маржу 25%; + Buy Box не у Amazon; + конкуренция умеренная (1 офферов),https://www.alibaba.com/trade/search?SearchText=rain%20shower%20head%20handheld%20high,keepa,0.396,1878,BOZYBO,US_tools_diy,https://www.amazon.com/dp/B0GTMLLHKJ
US,B0GRTKQBCN,"Dealusy 10 Sets (20-Piece) 36 oz & 12 oz Glass Food Storage Containers with lids, Airtight Leak-proof Glass Meal Prep Containers with Lids, Microwave Oven Freezer Dishwasher Safe, Gray",Home & Kitchen > Kitchen & Dining,29.86,10000,4.4,129,1,False,26.87,4.03,10.11,4.03,0.81,0.85,7.05,5.75,35.0,-4.02,-3.02,,6.72,,60466.0,2026-05-15,SKIP,high,+ продажи ≈10000/мес; + Buy Box не у Amazon; + конкуренция умеренная (1 офферов); − экономика не сходится (закупка ≤$0.00 при марже 20%); − тяжёлый товар 5.2 кг,https://www.alibaba.com/trade/search?SearchText=sets%20piece%20glass%20food%20storage,keepa,0.235,5230,Dealusy,"US_home_kitchen,US_storage",https://www.amazon.com/dp/B0GRTKQBCN
US,B0GPZQYZTJ,"HydroJug Traveler 40oz, Insulated Tumbler with Handle & Straw, Olive",Home & Kitchen > Kitchen & Dining,39.99,7000,4.6,17513,4,False,35.99,5.4,6.18,5.4,1.08,0.85,17.08,0.88,35.0,5.34,6.67,8.09,9.0,111.3,59520.0,2026-02-24,WATCH,high,"+ продажи ≈7000/мес; + вход при закупке ≤$5.34 даёт маржу 25%; + Buy Box не у Amazon; + конкуренция умеренная (4 офферов); − волатильность цены 0.644; − известный бренд — листинг = референс ниши, продаём PL-аналог",https://www.alibaba.com/trade/search?SearchText=traveler%20insulated%20tumbler%20handle%20straw,keepa,0.644,798,HydroJug,US_home_kitchen,https://www.amazon.com/dp/B0GPZQYZTJ
US,B0GQ31LD4R,"OLIXIS 3 Inch Twin XL Size Gel Infused Memory Foam Mattress Topper, Soft Breathable Cooling Bed Pad, a Comfortable Bed Mattress Overlay for Bedroom, RV, Camper and Sleeper Sofa, CertiPUR-US Certified",Home & Kitchen > Bedding,45.81,7000,4.4,625,1,False,41.23,6.18,12.64,6.18,1.24,0.85,14.13,3.46,35.0,0.27,1.8,3.83,10.31,269.4,58442.0,2026-02-25,WATCH,high,+ продажи ≈7000/мес; + Buy Box не у Amazon; + конкуренция умеренная (1 офферов); − тяжёлый товар 3.1 кг,https://www.alibaba.com/trade/search?SearchText=twin%20size%20gel%20infused%20memory,keepa,0.533,3143,OLIXIS,US_home_kitchen,https://www.amazon.com/dp/B0GQ31LD4R
US,B0GL357H51,8x10 Area Rugs for Living Room: Vintage Boho Neutral Washable Rug Indoor Soft Large Area Rug Carpet for Bedroom Nursery Farmhouse Dining Room Office Floor Non-Slip Low Pile Under Table Rug Beige,Home & Kitchen > Home Décor Products,65.24,4000,4.5,198,1,False,58.72,8.81,10.88,8.81,1.76,0.85,27.61,6.52,35.0,4.75,6.92,12.93,14.68,113.5,55487.0,2026-03-12,BUY,high,+ продажи ≈4000/мес; + вход при закупке ≤$4.75 даёт маржу 25%; + Buy Box не у Amazon; + конкуренция умеренная (1 офферов); − тяжёлый товар 5.9 кг,https://www.alibaba.com/trade/search?SearchText=area%20rugs%20living%20room%20vintage,keepa,0.169,5928,Luxturiy,US_home_kitchen,https://www.amazon.com/dp/B0GL357H51
US,B0GSHZN1C3,"Mavax ChillGo Portable Neck Fan - 8000mAh Personal Wearable Fan, 9000 RPM Direct-flow 4X Powerful 360° Airflow Cooling Fan, Max 16H, 4 Speeds, LED Display, Great Gifts for Men Women - 5th Gen Black","Home & Kitchen > Heating, Cooling & Air Quality",34.84,7000,4.4,160,6,False,31.36,2.51,5.33,4.7,0.94,0.85,17.02,0.5,35.0,6.43,7.59,9.18,7.84,85.4,54873.0,2026-03-14,BUY,high,+ продажи ≈7000/мес; + вход при закупке ≤$6.43 даёт маржу 25%; + Buy Box не у Amazon; + конкуренция умеренная (6 офферов),https://www.alibaba.com/trade/search?SearchText=chillgo%20portable%20neck%20fan%20mah,keepa,0.345,458,Mavax,US_home_kitchen,https://www.amazon.com/dp/B0GSHZN1C3
US,B0G6KMRNJ5,"20V Electric Weed Wacker Cordless Edger Lawn Tool 2 X 2.0Ah Battery Powered Weed Eater with Charger, 12 Inch Lightweight String Trimmer, Auto Line Feed Grass Cutter Lawn Mower for Small Yard Garden","Patio, Lawn & Garden > Outdoor Power Tools",49.99,6000,4.3,487,1,False,44.99,6.75,8.9,6.75,1.35,0.85,20.39,3.64,35.0,4.08,5.74,9.15,11.25,123.0,54664.0,2026-05-05,BUY,high,+ продажи ≈6000/мес; + вход при закупке ≤$4.08 даёт маржу 25%; + Buy Box не у Amazon; + конкуренция умеренная (1 офферов); − волатильность цены 1.2; − тяжёлый товар 3.3 кг,https://www.alibaba.com/trade/search?SearchText=electric%20weed%20wacker%20cordless%20edger,keepa,1.2,3310,KOMASTY,US_garden,https://www.amazon.com/dp/B0G6KMRNJ5
US,B0GLWT7PR4,"HP 63/65 Tri-Color Ink Cartridge (Replaces and Works with Both 63 & 65) | Works with AMP; DeskJet 1100, 2100, 2600, 3600; Envy 4500, 5000; OfficeJet 3800, 4600, 5200 Series | B7RT2AN.",Office Products > Office Electronics,26.89,10000,4.7,89887,22,False,24.2,3.63,3.86,3.63,0.73,0.85,11.5,0.25,35.0,3.86,4.75,5.45,6.05,110.9,53998.0,2026-04-13,WATCH,high,"+ продажи ≈10000/мес; + вход при закупке ≤$3.86 даёт маржу 25%; + Buy Box не у Amazon; − много офферов (22); − известный бренд — листинг = референс ниши, продаём PL-аналог",https://www.alibaba.com/trade/search?SearchText=tri%20color%20ink%20cartridge%20replaces,keepa,0.214,41,HP,US_office,https://www.amazon.com/dp/B0GLWT7PR4
US,B0GZZ3VM69,HAMITOR Shower Caddy Tension Pole: 4-Tier Corner Rustproof Bathroom Organizer with Soap Holder & Hooks - No-Drill Adjustable Shower Shelf for Renters - Family Stand Storage Rack - 47-123 Inch Black,Home & Kitchen > Bath,35.99,7000,4.5,115,2,False,32.39,4.86,8.23,4.86,0.97,0.85,12.62,3.23,35.0,0.96,2.16,4.52,8.1,179.0,53567.0,2026-05-08,WATCH,high,+ продажи ≈7000/мес; + Buy Box не у Amazon; + конкуренция умеренная (2 офферов),https://www.alibaba.com/trade/search?SearchText=shower%20caddy%20tension%20pole%20tier,keepa,0.347,2939,HAMITOR,"US_home_kitchen,US_storage,US_organizer",https://www.amazon.com/dp/B0GZZ3VM69
US,B0GRJ78J4D,"GENIANI Back Pain & Relaxation Gifts for Women – Electric Heating Pad for Back, Neck & Shoulders, Soft Microplush Electric Throw Heating Pad for Period Comfort, Fast Heating, Auto Shut Off, 12""x24""",Home & Kitchen > Bedding,23.72,10000,4.3,69351,1,False,21.35,3.2,5.22,3.2,0.64,0.85,8.23,0.56,35.0,1.73,2.52,2.9,5.34,184.3,53370.0,2026-03-24,WATCH,high,+ продажи ≈10000/мес; + Buy Box не у Amazon; + конкуренция умеренная (1 офферов),https://www.alibaba.com/trade/search?SearchText=back%20pain%20relaxation%20gifts%20women,keepa,0.321,508,GENIANI,US_home_kitchen,https://www.amazon.com/dp/B0GRJ78J4D
US,B0GZSVVBJZ,"Murago Outdoor 3-Piece Wicker Bistro Set, Rattan Patio Conversation Set with Coffee Table, for Backyard Garden Poolside, Black Frame & Black Cushion","Patio, Lawn & Garden > Patio Furniture & Accessories",64.99,4000,4.4,866,1,False,58.49,8.77,14.0,8.77,1.75,0.85,24.34,77.34,35.0,-50.09,-47.92,,14.62,,52642.0,2026-05-07,SKIP,high,+ продажи ≈4000/мес; + Buy Box не у Amazon; + конкуренция умеренная (1 офферов); − экономика не сходится (закупка ≤$0.00 при марже 20%); − тяжёлый товар 70.3 кг,https://www.alibaba.com/trade/search?SearchText=outdoor%20piece%20wicker%20bistro%20rattan,estimate,0.195,70307,Murago,US_garden,https://www.amazon.com/dp/B0GZSVVBJZ
US,B0GKMVTD6V,"iFunSky Mini Portable Handheld Turbo Fan – Small but Mighty, Whisper-Quiet, Long-Lasting, 5-Speed High-Velocity Rechargeable battery Fan, Personal Fan for Outdoor, Travel, Gifts for Women & Men(Black)","Home & Kitchen > Heating, Cooling & Air Quality",24.16,10000,4.6,445,1,False,21.74,3.26,4.2,3.26,0.65,0.85,9.52,0.25,35.0,2.84,3.64,4.08,5.44,133.2,51370.0,2026-03-15,WATCH,high,+ продажи ≈10000/мес; + Buy Box не у Amazon; + конкуренция умеренная (1 офферов),https://www.alibaba.com/trade/search?SearchText=mini%20portable%20handheld%20turbo%20fan,keepa,0.414,150,iFunSky,US_home_kitchen,https://www.amazon.com/dp/B0GKMVTD6V
US,B0GT8HK7LS,"Portable Air Conditioner, 2026 Upgraded 4-IN-1 Portable Ice Fan with 3 Cooling Speeds & 1500ml Water Tank, 2 Cool Mist Ultra-Quiet Desktop AC Fan with Remote & 2-8H Timer for Bedroom, Office, Home","Home & Kitchen > Heating, Cooling & Air Quality",54.98,4000,4.2,274,1,False,49.48,7.42,7.92,7.42,1.48,0.85,24.38,1.11,35.0,8.07,9.91,12.01,12.37,103.0,49482.0,2026-03-20,BUY,high,+ продажи ≈4000/мес; + вход при закупке ≤$8.07 даёт маржу 25%; + Buy Box не у Amazon; + конкуренция умеренная (1 офферов),https://www.alibaba.com/trade/search?SearchText=portable%20air%20conditioner%20upgraded%20ice,keepa,0.24,1012,PUUXUMIC,US_home_kitchen,https://www.amazon.com/dp/B0GT8HK7LS
US,B0H2MCCNWR,"Vestomeli Upgrade Bidet Attachment for Toilet Seat, Adjustable Angle Dual Nozzle, Self-Cleaning, Non-Electric Bidet Attachment for Rear & Feminine Wash, Controllable Fresh Cold Water Pressure",Tools & Home Improvement > Kitchen & Bath Fixtures,59.99,4000,4.3,114,3,False,53.99,4.32,6.29,8.1,1.62,0.85,32.81,0.77,35.0,13.74,15.74,19.32,13.5,69.9,48592.0,2026-05-22,BUY,high,+ продажи ≈4000/мес; + вход при закупке ≤$13.74 даёт маржу 25%; + Buy Box не у Amazon; + конкуренция умеренная (3 офферов); − волатильность цены 1.406,https://www.alibaba.com/trade/search?SearchText=upgrade%20bidet%20attachment%20toilet%20seat,keepa,1.406,699,Vestomeli,US_tools_diy,https://www.amazon.com/dp/B0H2MCCNWR
US,B0GHNMJQ2C,"Bug Zapper Outdoor & Indoor,Cordless Portable Mosquito Zapper with Rechargeable 4800mAh Battery & Auto On/Off,Mosquito Repellent Outdoor Patio,Electric Fly Trap for Camping,Kitchen,Backyard,Patio","Patio, Lawn & Garden > Pest Control",35.97,6000,4.4,461,1,False,32.37,4.86,7.57,4.86,0.97,0.85,13.27,0.69,35.0,3.32,4.52,5.18,8.09,156.3,48559.0,2026-03-11,BUY,high,+ продажи ≈6000/мес; + вход при закупке ≤$3.32 даёт маржу 25%; + Buy Box не у Amazon; + конкуренция умеренная (1 офферов),https://www.alibaba.com/trade/search?SearchText=bug%20zapper%20outdoor%20indoor%20cordless,keepa,0.323,626,otlotrte,US_garden,https://www.amazon.com/dp/B0GHNMJQ2C
US,B0GRFH95WT,"Nuzzle Queen Size Adjustable Firm Pillow – Hotel Luxury Neck Support, Height Adjust Soft Cooling Pillow for Back, Stomach or Side Sleepers-Home Gift",Home & Kitchen > Bedding,47.59,5000,4.3,8071,1,False,42.83,6.42,8.37,6.42,1.28,0.85,19.48,2.76,35.0,4.45,6.04,8.77,10.71,122.1,48185.0,2026-02-28,BUY,high,+ продажи ≈5000/мес; + вход при закупке ≤$4.45 даёт маржу 25%; + Buy Box не у Amazon; + конкуренция умеренная (1 офферов),https://www.alibaba.com/trade/search?SearchText=queen%20size%20adjustable%20firm%20pillow,keepa,0.22,2508,Nuzzle,US_home_kitchen,https://www.amazon.com/dp/B0GRFH95WT
US,B0G1CR88J9,"Kidde Carbon Monoxide Detector, AA Battery Powered, Portable for Travel or Home, 85 dB Alarm, LED Status Light Indicators, 5th Edition, COB",Tools & Home Improvement > Safety & Security,24.88,8000,4.7,1534,1,False,22.39,3.36,4.09,3.36,0.67,0.85,10.06,0.25,35.0,3.12,3.95,4.46,5.6,125.4,47023.0,2026-03-01,WATCH,high,"+ продажи ≈8000/мес; + вход при закупке ≤$3.12 даёт маржу 25%; + Buy Box не у Amazon; + конкуренция умеренная (1 офферов); − известный бренд — листинг = референс ниши, продаём PL-аналог",https://www.alibaba.com/trade/search?SearchText=carbon%20monoxide%20detector%20battery%20powered,keepa,0.172,230,Kidde,US_tools_diy,https://www.amazon.com/dp/B0G1CR88J9
US,B0GYQ9FFWR,"FoxFarm Ocean Forest Potting Soil with 2 Plant Tags, 1.5 cu ft – Light, Aerated Texture – for All Container Plants","Patio, Lawn & Garden > Gardening & Lawn Care",35.86,6000,4.7,10169,2,False,32.27,4.84,23.55,4.84,0.97,0.85,-2.78,17.74,35.0,-21.18,-19.98,,8.07,,45748.0,2026-04-28,SKIP,high,+ продажи ≈6000/мес; + Buy Box не у Amazon; + конкуренция умеренная (2 офферов); − экономика не сходится (закупка ≤$0.00 при марже 20%); − тяжёлый товар 16.1 кг,https://www.alibaba.com/trade/search?SearchText=ocean%20forest%20potting%20soil%20plant,keepa,0.164,16130,FoxFarm,US_garden,https://www.amazon.com/dp/B0GYQ9FFWR
US,B0GGL3B25P,"Ultrasonic Pest Repellent Plug-in, Electronic Mouse Traps & Insect Repellent, Pest Control for Rodent, Roach, Ant, Squirrel, Spider, Bugs, Mouse, Rat, Bat for Home, Office, Warehouse Black 1 Pack","Patio, Lawn & Garden > Pest Control",37.96,5000,4.5,122,3,False,34.16,3.76,4.35,5.12,1.02,0.85,19.06,0.32,35.0,7.55,8.82,10.52,8.54,81.2,44840.0,2026-06-15,BUY,high,+ продажи ≈5000/мес; + вход при закупке ≤$7.55 даёт маржу 25%; + Buy Box не у Amazon; + конкуренция умеренная (3 офферов),https://www.alibaba.com/trade/search?SearchText=ultrasonic%20pest%20repellent%20plug%20electronic,keepa,0.327,290,BORHOOD,US_garden,https://www.amazon.com/dp/B0GGL3B25P
US,B0GPS742LV,"IRIS USA 32 Qt High-Capacity Clip Box 6-Pack, Craft Storage Bins with Latching Lids, Art & Writing Supply Containers for Home, Office & Classroom Organization",Home & Kitchen > Storage & Organization,44.18,5000,4.4,26135,2,False,39.76,5.96,24.73,5.96,1.19,0.85,1.06,6.69,35.0,-11.53,-10.06,,9.94,,44732.0,2026-02-23,SKIP,high,+ продажи ≈5000/мес; + Buy Box не у Amazon; + конкуренция умеренная (2 офферов); − экономика не сходится (закупка ≤$0.00 при марже 20%); − тяжёлый товар 6.1 кг,https://www.alibaba.com/trade/search?SearchText=high%20capacity%20clip%20box%20craft,keepa,0.167,6078,IRIS USA,"US_home_kitchen,US_storage",https://www.amazon.com/dp/B0GPS742LV
US,B0GV2DHXWS,"Chasesun Portable Neck Fan - Rechargeable Personal Fan, 20 Hours Cooling Time, No Hair Tangling, Hands-Free Bladeless Fan for Travel, Birthday Gifts for Women and Men","Home & Kitchen > Heating, Cooling & Air Quality",29.99,7000,4.7,258,3,False,26.99,2.97,5.33,4.05,0.81,0.85,12.98,0.41,35.0,4.32,5.32,6.24,6.75,108.2,44636.0,2026-03-27,BUY,high,+ продажи ≈7000/мес; + вход при закупке ≤$4.32 даёт маржу 25%; + Buy Box не у Amazon; + конкуренция умеренная (3 офферов); − волатильность цены 0.88,https://www.alibaba.com/trade/search?SearchText=portable%20neck%20fan%20rechargeable%20personal,keepa,0.88,372,Chasesun,US_home_kitchen,https://www.amazon.com/dp/B0GV2DHXWS
US,B0GL1XQGNK,"SSWind 6000mAh Portable Handheld Fan with Ice Cooling, 199 Levels Stepless Speed, 20H Long Battery Life, 20000RPM Turbo Fan Rechargeable Personal Mini Fan for Travel, Outdoor, Makeup (White)","Home & Kitchen > Heating, Cooling & Air Quality",28.32,7000,4.4,416,1,False,25.49,3.82,4.46,3.82,0.76,0.85,11.77,0.34,35.0,3.75,4.69,5.39,6.37,118.1,44604.0,2026-02-02,BUY,high,+ продажи ≈7000/мес; + вход при закупке ≤$3.75 даёт маржу 25%; + Buy Box не у Amazon; + конкуренция умеренная (1 офферов),https://www.alibaba.com/trade/search?SearchText=mah%20portable%20handheld%20fan%20ice,keepa,0.177,308,SSWind,US_home_kitchen,https://www.amazon.com/dp/B0GL1XQGNK
US,B0GY7YT7QZ,"myQ Smart Garage Door Video Keypad + Rechargeable Battery, with Wide-Angle Camera, Customizable PIN Codes, and Smartphone Control, Works with Chamberlain, LiftMaster and Craftsman openers",Tools & Home Improvement > Building Supplies,53.98,4000,4.4,28,1,False,48.58,7.29,7.84,7.29,1.46,0.85,23.86,1.2,35.0,7.79,9.59,11.71,12.15,103.7,43724.0,2026-04-23,WATCH,medium,"+ продажи ≈4000/мес; + вход при закупке ≤$7.79 даёт маржу 25%; + Buy Box не у Amazon; + конкуренция умеренная (1 офферов); − волатильность цены 0.65; − известный бренд — листинг = референс ниши, продаём PL-аналог",https://www.alibaba.com/trade/search?SearchText=myq%20smart%20garage%20door%20video,keepa,0.65,1089,CHAMBERLAIN,US_tools_diy,https://www.amazon.com/dp/B0GY7YT7QZ
US,B0GJ4NHH4L,"Travel Steamer for Clothes, 100-240V Dual Voltage Garment Steamer, 1000W Handheld Steam & Iron 2 in 1, Travel Size, for Global & Europe Traveling, Business, Home, Space Grey",Home & Kitchen > Irons & Steamers,49.99,4000,4.6,129,5,False,44.99,6.75,6.01,6.75,1.35,0.85,23.28,1.09,35.0,8.11,9.78,12.04,11.25,93.4,42516.0,2026-04-01,BUY,high,+ продажи ≈4000/мес; + вход при закупке ≤$8.11 даёт маржу 25%; + Buy Box не у Amazon; + конкуренция умеренная (5 офферов),https://www.alibaba.com/trade/search?SearchText=travel%20steamer%20clothes%20dual%20voltage,keepa,0.457,989,Ilake,US_home_kitchen,https://www.amazon.com/dp/B0GJ4NHH4L
US,B0G1C86M5S,"Kidde Carbon Monoxide Detector, Plug-in with AA Battery Backup, Easy-to-Read Digital Backlit Display, 85 dB Alarm, Rotating Plug, LED Status Light Indicators, 5th Edition, COPD",Tools & Home Improvement > Safety & Security,43.97,4000,4.7,27239,1,False,39.57,5.94,4.35,5.94,1.19,0.85,21.31,0.33,35.0,8.22,9.68,11.42,9.89,86.6,41552.0,2026-03-01,WATCH,high,"+ продажи ≈4000/мес; + вход при закупке ≤$8.22 даёт маржу 25%; + Buy Box не у Amazon; + конкуренция умеренная (1 офферов); − известный бренд — листинг = референс ниши, продаём PL-аналог",https://www.alibaba.com/trade/search?SearchText=carbon%20monoxide%20detector%20plug%20battery,keepa,0.0,300,Kidde,US_tools_diy,https://www.amazon.com/dp/B0G1C86M5S
US,B0GTMH1VZY,"BOZYBO Rain Shower Head with Handheld: High Pressure Shower Heads with Handheld Spray Combo, 12"" Rainfall Shower Head and 9 Sprays Hand Showerheads with Magnetic Docking and Power Jets, Black 1.8GPM",Tools & Home Improvement > Kitchen & Bath Fixtures,59.99,3000,4.4,7682,1,False,53.99,8.1,7.9,8.1,1.62,0.85,27.42,2.06,35.0,8.79,10.79,13.93,13.5,96.9,40493.0,2026-05-26,BUY,high,+ продажи ≈3000/мес; + вход при закупке ≤$8.79 даёт маржу 25%; + Buy Box не у Amazon; + конкуренция умеренная (1 офферов),https://www.alibaba.com/trade/search?SearchText=rain%20shower%20head%20handheld%20high,keepa,0.396,1869,BOZYBO,US_tools_diy,https://www.amazon.com/dp/B0GTMH1VZY
US,B0GZTN9882,"Fruit Fly Trap for Indoors, Blue Bug Zapper Indoor with Suction & Timer","Patio, Lawn & Garden > Pest Control",34.19,5000,4.6,164,2,False,30.77,3.38,6.13,4.62,0.92,0.85,14.87,0.88,35.0,4.66,5.8,7.17,7.69,107.2,40387.0,2026-05-22,BUY,high,+ продажи ≈5000/мес; + вход при закупке ≤$4.66 даёт маржу 25%; + Buy Box не у Amazon; + конкуренция умеренная (2 офферов),https://www.alibaba.com/trade/search?SearchText=fruit%20fly%20trap%20indoors%20bug,keepa,0.385,798,DOVSAV,US_garden,https://www.amazon.com/dp/B0GZTN9882
US,B0GS1FPXCK,"Cosori Electric Kettle, Plastic-Free Interior, Easy to Clean, Automatic Shut Off & Boil-Dry Protection, Stainless Steel Tea Kettle, Hot Water Boiler & Heater, 1.7L, 1500W",Home & Kitchen > Kitchen & Dining,34.04,5000,4.6,5338,1,False,30.64,4.6,8.04,4.6,0.92,0.85,11.64,1.35,35.0,1.94,3.08,3.98,7.66,192.6,40210.0,2026-04-15,WATCH,high,+ продажи ≈5000/мес; + Buy Box не у Amazon; + конкуренция умеренная (1 офферов),https://www.alibaba.com/trade/search?SearchText=electric%20kettle%20plastic%20free%20interior,keepa,0.118,1229,Cosori,US_home_kitchen,https://www.amazon.com/dp/B0GS1FPXCK
US,B0GSZHLZ3B,"15 Pack Vacuum Storage Bags for Travel with Cordless Pump, Space Saver Bags for Clothes, Compression Packing Bags for Luggage, 15 Combo Size",Home & Kitchen > Storage & Organization,33.99,5000,4.5,468,2,False,30.59,1.84,7.01,4.59,0.92,0.85,15.39,1.3,35.0,4.77,5.9,7.74,7.65,98.8,40151.0,2026-03-18,BUY,high,+ продажи ≈5000/мес; + вход при закупке ≤$4.77 даёт маржу 25%; + Buy Box не у Amazon; + конкуренция умеренная (2 офферов),https://www.alibaba.com/trade/search?SearchText=vacuum%20storage%20bags%20travel%20cordless,keepa,0.191,1184,lezecur,"US_home_kitchen,US_storage",https://www.amazon.com/dp/B0GSZHLZ3B
US,B0GYQ3HHQF,"DUMOS 32 Inch Small Computer Desk for Home Office, Modern Study Writing Gaming Work Table Simple Style for Bedroom with X-Shaped ReInchforcement, Rustic Brown",Home & Kitchen > Furniture,29.89,7000,4.6,2997,1,False,26.9,4.04,14.11,4.04,0.81,0.85,3.06,8.42,35.0,-8.95,-7.95,,6.73,,40039.0,2026-04-27,SKIP,high,+ продажи ≈7000/мес; + Buy Box не у Amazon; + конкуренция умеренная (1 офферов); − экономика не сходится (закупка ≤$0.00 при марже 20%); − тяжёлый товар 7.7 кг,https://www.alibaba.com/trade/search?SearchText=computer%20desk%20home%20office%20modern,keepa,0.584,7652,DUMOS,US_home_kitchen,https://www.amazon.com/dp/B0GYQ3HHQF
US,B0GWGQP7ZP,"Sweetcrispy 4 FT Folding Picnic Table Easy to Fold and Store, Foldable Table for Camping Picnic Dining Party Kitchen Outdoor Indoor with Carrying Handle","Patio, Lawn & Garden > Patio Furniture & Accessories",36.93,5000,4.5,646,1,False,33.24,4.99,19.07,4.99,1.0,0.85,2.35,11.22,35.0,-12.72,-11.49,,8.31,,39261.0,2026-04-08,SKIP,high,+ продажи ≈5000/мес; + Buy Box не у Amazon; + конкуренция умеренная (1 офферов); − экономика не сходится (закупка ≤$0.00 при марже 20%); − тяжёлый товар 10.2 кг,https://www.alibaba.com/trade/search?SearchText=folding%20picnic%20table%20easy%20fold,keepa,0.318,10197,Sweetcrispy,US_garden,https://www.amazon.com/dp/B0GWGQP7ZP
US,B0GGNS411Z,"Amzrap 200FT Outdoor String Lights with Remote, Waterproof Patio Lights with 72+2 Shatterproof LED Bulbs, 2700K Dimmable Waterproof Hanging Decor for Backyard Garden Porch Bistro, Timer & 3 Modes",Tools & Home Improvement > Lighting & Ceiling Fans,49.98,4000,4.7,1378,3,False,44.98,4.95,8.46,6.75,1.35,0.85,22.63,2.49,35.0,6.58,8.25,11.38,11.25,98.8,38257.0,2026-05-14,BUY,high,+ продажи ≈4000/мес; + вход при закупке ≤$6.58 даёт маржу 25%; + Buy Box не у Amazon; + конкуренция умеренная (3 офферов); − волатильность цены 0.811,https://www.alibaba.com/trade/search?SearchText=outdoor%20string%20lights%20remote%20waterproof,keepa,0.811,2268,Amzrap,US_tools_diy,https://www.amazon.com/dp/B0GGNS411Z
US,B0GMT987FX,"Brita Large 10-Cup Water Filter Pitcher with BritaPlus Filter, WQA NSF/ANSI Certified, Reduces 2X Contaminants vs. Standard, Removes Chlorine Taste & Odor, Reduces Zinc Copper Mercury, Stone Blue",Tools & Home Improvement > Kitchen & Bath Fixtures,44.79,4000,4.6,1336,4,False,40.31,6.05,8.15,6.05,1.21,0.85,18.01,1.12,35.0,5.04,6.54,7.93,10.08,127.1,38094.0,2026-02-10,BUY,high,+ продажи ≈4000/мес; + вход при закупке ≤$5.04 даёт маржу 25%; + Buy Box не у Amazon; + конкуренция умеренная (4 офферов); − волатильность цены 0.765,https://www.alibaba.com/trade/search?SearchText=cup%20water%20filter%20pitcher%20plus,keepa,0.765,1021,BRITA,US_tools_diy,https://www.amazon.com/dp/B0GMT987FX
US,B0H3HHXFSW,"12 Pack 3D Dragonfly Clips, Fake Dragonflies with Stakes, Realistic Plastic Dragonfly Garden Decorations, Fly Deterrent Clips for Hats, Pets, Horses, Deer, Yard, Patio, Indoor & Outdoor Decor","Patio, Lawn & Garden > Outdoor Décor",19.99,8000,4.7,268,1,False,17.99,2.7,5.76,2.7,0.54,0.85,5.44,0.25,35.0,0.52,1.18,0.95,4.5,475.3,37781.0,2026-06-02,SKIP,high,+ продажи ≈8000/мес; + Buy Box не у Amazon; + конкуренция умеренная (1 офферов); − экономика не сходится (закупка ≤$1.18 при марже 20%),https://www.alibaba.com/trade/search?SearchText=dragonfly%20clips%20fake%20dragonflies%20stakes,keepa,0.189,109,Cushry,US_garden,https://www.amazon.com/dp/B0H3HHXFSW
US,B0GL4S4BQM,"Sterilite 4-Pack 64 Quart Latching Box, Clear Plastic Storage Organizer Bins with White Lids - Large Stackable Containers for Home Bedroom, Dorm Room, and Closet Organization",Home & Kitchen > Storage & Organization,57.99,3000,4.6,14203,2,False,52.19,7.83,19.39,7.83,1.57,0.85,14.73,6.99,35.0,-3.93,-2.0,,13.05,,36990.0,2026-02-02,SKIP,high,"+ продажи ≈3000/мес; + Buy Box не у Amazon; + конкуренция умеренная (2 офферов); − экономика не сходится (закупка ≤$0.00 при марже 20%); − тяжёлый товар 6.3 кг; − известный бренд — листинг = референс ниши, продаём PL-аналог",https://www.alibaba.com/trade/search?SearchText=quart%20latching%20box%20clear%20plastic,keepa,0.152,6350,Sterilite,"US_storage,US_organizer",https://www.amazon.com/dp/B0GL4S4BQM
US,B0GFM2YSD1,"CXEZSIK Garden Hose 50ft Lightweight, Non-Expanding, Leak-Proof Metal Connector, No-Knot No-Tangle, Easy to Store and Carry, Wear-Resistant, 3/4GHT Flexible Water Hose, Hose for Yard, Garden, Outdoor","Patio, Lawn & Garden > Gardening & Lawn Care",29.78,6000,4.2,328,8,False,26.8,2.14,7.38,4.02,0.8,0.85,11.6,1.74,35.0,2.35,3.34,4.9,6.7,136.7,36183.0,2026-02-20,WATCH,high,+ продажи ≈6000/мес; + Buy Box не у Amazon; + конкуренция умеренная (8 офферов),https://www.alibaba.com/trade/search?SearchText=garden%20hose%20lightweight%20non%20expanding,keepa,0.538,1579,CXEZSIK,US_garden,https://www.amazon.com/dp/B0GFM2YSD1
US,B0H2X17J1Z,"50ft Garden Hose, Ultra Lightweight All-Weather Water Hose, Durable & Flexible, Built-in Valve, Leak-free Connections, TPU Water Hose, Drinking Water Safe","Patio, Lawn & Garden > Gardening & Lawn Care",25.99,6000,4.2,389,2,False,23.39,3.51,6.01,3.51,0.7,0.85,8.81,1.12,35.0,1.36,2.23,2.96,5.85,197.3,35086.0,2026-05-25,WATCH,high,+ продажи ≈6000/мес; + Buy Box не у Amazon; + конкуренция умеренная (2 офферов),https://www.alibaba.com/trade/search?SearchText=garden%20hose%20ultra%20lightweight%20all,keepa,0.349,1021,SUTREKY,US_garden,https://www.amazon.com/dp/B0H2X17J1Z
US,B0GRPBGYYB,"Mattress Bags for Moving, BETU Mattress Protector Waterproof Mattress Cover Queen Size Storage Bags with 8 Heavy-Duty Handles and Zipper for Bed Extra Thick Large Reusable (82""x62""x15"" Blue)",Home & Kitchen > Bedding,20.98,7000,4.7,1564,2,False,18.88,2.83,7.23,2.83,0.57,0.85,4.57,1.77,35.0,-1.42,-0.72,,4.72,,34696.0,2026-03-07,SKIP,high,+ продажи ≈7000/мес; + Buy Box не у Amazon; + конкуренция умеренная (2 офферов); − экономика не сходится (закупка ≤$0.00 при марже 20%),https://www.alibaba.com/trade/search?SearchText=mattress%20bags%20moving%20protector%20waterproof,keepa,0.0,1610,BETU,"US_home_kitchen,US_storage",https://www.amazon.com/dp/B0GRPBGYYB
US,B0GT8GJ3TR,"Advinski Garden Hose 50ft, Non-Expanding Flexible Hose with 10 Function Nozzle, Lightweight, Kink Free, Sturdy, Leak-Proof, Portable, Water Hose 50ft for Outdoor, Yard, Lawn, Car Wash and Camper Use","Patio, Lawn & Garden > Gardening & Lawn Care",27.98,6000,4.3,1941,5,False,25.18,2.01,7.48,3.78,0.76,0.85,10.3,1.27,35.0,2.03,2.96,4.01,6.3,157.0,33996.0,2026-03-18,WATCH,high,+ продажи ≈6000/мес; + Buy Box не у Amazon; + конкуренция умеренная (5 офферов); − волатильность цены 1.067,https://www.alibaba.com/trade/search?SearchText=garden%20hose%20non%20expanding%20flexible,keepa,1.067,1152,Advinski,US_garden,https://www.amazon.com/dp/B0GT8GJ3TR
US,B0GWKG8PXG,"AVAXO Bug Zapper Outdoor, Dual Wavelength UV 50000H Lifespan & Dual LED Lamps, 1/2 Acre Coverage, 5 Zaps/Sec, 4200V Electric Mosquito Zapper, IPX4 Waterproof Fly Trap for Indoor Patio Backyard","Patio, Lawn & Garden > Pest Control",38.97,4000,4.6,197,1,False,35.07,5.26,6.9,5.26,1.05,0.85,15.75,1.08,35.0,4.37,5.67,6.98,8.77,125.6,33144.0,2026-04-16,BUY,high,+ продажи ≈4000/мес; + вход при закупке ≤$4.37 даёт маржу 25%; + Buy Box не у Amazon; + конкуренция умеренная (1 офферов); − волатильность цены 1.692,https://www.alibaba.com/trade/search?SearchText=bug%20zapper%20outdoor%20dual%20wavelength,keepa,1.692,980,AVAXO,US_garden,https://www.amazon.com/dp/B0GWKG8PXG
US,B0GYQ3Q26N,"FoxFarm Happy Frog Potting Soil with 2 Plant Tags, 2 cu ft – Indoor/Outdoor Container Plants – Mycorrhizae & Humic Acids","Patio, Lawn & Garden > Gardening & Lawn Care",38.75,4000,4.7,7807,2,False,34.88,5.23,27.33,5.23,1.05,0.85,-4.81,21.83,35.0,-26.19,-24.9,,8.72,,32957.0,2026-04-27,SKIP,high,+ продажи ≈4000/мес; + Buy Box не у Amazon; + конкуренция умеренная (2 офферов); − экономика не сходится (закупка ≤$0.00 при марже 20%); − тяжёлый товар 19.8 кг,https://www.alibaba.com/trade/search?SearchText=happy%20frog%20potting%20soil%20plant,keepa,0.175,19845,FoxFarm,US_garden,https://www.amazon.com/dp/B0GYQ3Q26N
US,B0GWHPRMST,"Sweetcrispy 8 Drawer Black Dresser for Bedroom Tall, Organizer Storage",Home & Kitchen > Furniture,39.97,4000,4.4,4517,1,False,35.97,5.4,21.35,5.4,1.08,0.85,1.9,13.97,35.0,-15.6,-14.27,,8.99,,32376.0,2026-04-08,SKIP,high,+ продажи ≈4000/мес; + Buy Box не у Amazon; + конкуренция умеренная (1 офферов); − экономика не сходится (закупка ≤$0.00 при марже 20%); − тяжёлый товар 12.7 кг,https://www.alibaba.com/trade/search?SearchText=drawer%20dresser%20bedroom%20tall%20organizer,keepa,0.306,12701,Sweetcrispy,"US_storage,US_organizer",https://www.amazon.com/dp/B0GWHPRMST
US,B0G4752HVR,"Tegarbed Hand Blown Glass Hummingbird Feeders for Outdoors Hanging, 24oz Wild Bird Nectar Feeder with Ant Moat and Perch, Bee-Resistant Ports, Garden Decor, Gifts for Women Mom, 1 Pack, Blue Phoenix","Patio, Lawn & Garden > Backyard Birding & Wildlife",22.49,6000,4.6,589,1,False,20.24,3.04,6.13,3.04,0.61,0.85,6.58,0.82,35.0,0.52,1.27,1.52,5.06,332.6,31880.0,2026-02-14,SKIP,high,+ продажи ≈6000/мес; + Buy Box не у Amazon; + конкуренция умеренная (1 офферов); − экономика не сходится (закупка ≤$1.27 при марже 20%),https://www.alibaba.com/trade/search?SearchText=hand%20blown%20glass%20hummingbird%20feeders,keepa,0.4,748,Tegarbed,US_garden,https://www.amazon.com/dp/B0G4752HVR
US,B0GHRXNVZV,"Cordless Bug Zapper Outdoor, 4200V Electric Mosquito Zapper, Fly Trap, Rechargeable Portable Fly Zapper, Waterproof Mosquito Trap Insect Killer Indoor Outdoor for Camping, Garden, Backyard, Home","Patio, Lawn & Garden > Pest Control",31.33,5000,4.4,408,1,False,28.2,4.23,6.24,4.23,0.85,0.85,11.8,0.73,35.0,2.98,4.03,4.75,7.05,148.3,31722.0,2026-03-10,WATCH,high,+ продажи ≈5000/мес; + Buy Box не у Amazon; + конкуренция умеренная (1 офферов),https://www.alibaba.com/trade/search?SearchText=cordless%20bug%20zapper%20outdoor%20electric,keepa,0.459,662,Xriba,US_garden,https://www.amazon.com/dp/B0GHRXNVZV
US,B0GNBBV935,"Safer Home Catch 360° Cordless Flying Insect Trap, UV LED Light, Chemical-Free, 10 Day Rechargeable Battery, Effective Fruit Fly Traps for Indoors, Gnat Traps for House Indoor, 1 Device + 6 Glue Cards","Patio, Lawn & Garden > Pest Control",27.74,5000,4.3,52155,1,False,24.97,3.74,5.33,3.74,0.75,0.85,10.55,0.57,35.0,2.77,3.69,4.31,6.24,145.0,31207.0,2026-02-23,WATCH,high,+ продажи ≈5000/мес; + Buy Box не у Amazon; + конкуренция умеренная (1 офферов),https://www.alibaba.com/trade/search?SearchText=home%20catch%20cordless%20flying%20insect,keepa,0.178,515,Safer,US_garden,https://www.amazon.com/dp/B0GNBBV935
US,B0GWQL2NJ1,"CAGVG Fly Trap Indoor, Fruit Fly Traps for Indoors Flying Insect Gnat Traps for House Indoor with Adjustable Lighting, Bug Zapper Indoor, Gnat Killer Catcher with 10 Refills （Black）","Patio, Lawn & Garden > Pest Control",30.59,5000,4.2,312,5,False,27.53,1.65,6.02,4.13,0.83,0.85,14.05,0.67,35.0,4.82,5.84,7.17,6.88,96.0,30972.0,2026-05-06,BUY,high,+ продажи ≈5000/мес; + вход при закупке ≤$4.82 даёт маржу 25%; + Buy Box не у Amazon; + конкуренция умеренная (5 офферов),https://www.alibaba.com/trade/search?SearchText=fly%20trap%20indoor%20fruit%20traps,keepa,0.415,608,CAGVG,US_garden,https://www.amazon.com/dp/B0GWQL2NJ1
US,B0GXV7V7JL,"Fruit Fly Trap for Indoors, Fly Traps for Home Gnat Traps House Indoor, Indoor Insect Trap with Timer, Pack of 10 Refills (Blue)","Patio, Lawn & Garden > Pest Control",34.19,4000,4.4,225,2,False,30.77,3.38,6.13,4.62,0.92,0.85,14.87,0.87,35.0,4.67,5.81,7.17,7.69,107.2,30771.0,2026-04-27,BUY,high,+ продажи ≈4000/мес; + вход при закупке ≤$4.67 даёт маржу 25%; + Buy Box не у Amazon; + конкуренция умеренная (2 офферов),https://www.alibaba.com/trade/search?SearchText=fruit%20fly%20trap%20indoors%20traps,keepa,0.389,789,CHEER UPs,US_garden,https://www.amazon.com/dp/B0GXV7V7JL
US,B0GZ2B77HT,"33 Pack Refill Cartridges Compatible with Flying Insect Trap M364, M364A & Max","Patio, Lawn & Garden > Pest Control",32.39,4000,4.6,87,1,False,29.15,4.37,6.9,4.37,0.87,0.85,11.78,0.78,35.0,2.75,3.83,4.49,7.29,162.2,30609.0,2026-04-30,WATCH,high,+ продажи ≈4000/мес; + Buy Box не у Amazon; + конкуренция умеренная (1 офферов),https://www.alibaba.com/trade/search?SearchText=refill%20cartridges%20compatible%20flying%20insect,keepa,0.106,712,BAIMNOCM,US_garden,https://www.amazon.com/dp/B0GZ2B77HT
US,B0GF1J3YM7,"Govee Edison Bulbs, Smart Vintage Light Bulbs, RGB Color Changing and Tunable White, Compatible with Matter, Alexa & Google Assistant, LED Filament Bulb, ST19(58), E26 Base for Home Decor, 4 Pack",Tools & Home Improvement > Light Bulbs,64.43,2000,4.5,149,1,False,57.99,8.7,7.17,8.7,1.74,0.85,30.83,0.58,35.0,11.67,13.81,16.33,14.5,88.7,30443.0,2026-03-15,WATCH,high,"+ продажи ≈2000/мес; + вход при закупке ≤$11.67 даёт маржу 25%; + Buy Box не у Amazon; + конкуренция умеренная (1 офферов); − известный бренд — листинг = референс ниши, продаём PL-аналог",https://www.alibaba.com/trade/search?SearchText=edison%20bulbs%20smart%20vintage%20light,keepa,0.163,531,Govee,US_tools_diy,https://www.amazon.com/dp/B0GF1J3YM7
US,B0G62DRCJF,"Introducing Blink Wired Doorbell 2K+ — Head-to-Toe 2K video doorbell, continuous hardwired power, pair with Alexa or Blink Chime (sold separately) required for in-home alerts",Tools & Home Improvement > Electrical,49.99,3000,4.1,293,1,False,44.99,6.75,4.09,6.75,1.35,0.85,25.2,0.25,35.0,10.15,11.82,13.96,11.25,80.6,30369.0,2026-04-01,WATCH,high,"+ продажи ≈3000/мес; + вход при закупке ≤$10.15 даёт маржу 25%; + Buy Box не у Amazon; + конкуренция умеренная (1 офферов); − волатильность цены 1.636; − известный бренд — листинг = референс ниши, продаём PL-аналог",https://www.alibaba.com/trade/search?SearchText=introducing%20wired%20doorbell%20head%20toe,keepa,1.636,150,Blink,US_tools_diy,https://www.amazon.com/dp/B0G62DRCJF
US,B0GY2R8WTF,"24 Pack Refill Cartridge Kit Compatible with Plug-in Light M364 and Max, Flying Insect Trap Refills Replacements for House & Fruit Flies, Easy to Use","Patio, Lawn & Garden > Pest Control",24.99,5000,4.6,165,2,False,22.49,3.37,5.76,3.37,0.67,0.85,8.46,0.47,35.0,1.75,2.58,2.84,5.62,198.2,29519.0,2026-04-22,WATCH,high,+ продажи ≈5000/мес; + Buy Box не у Amazon; + конкуренция умеренная (2 офферов),https://www.alibaba.com/trade/search?SearchText=refill%20cartridge%20kit%20compatible%20plug,keepa,0.148,431,Jiermadun,US_garden,https://www.amazon.com/dp/B0GY2R8WTF
US,B0GXQRZRTR,"100 FT Non-Expanding Garden Hose, 2026 New Upgrated Non-Expandable Garden Water Hose - Ultra-Light & Flexible Burst-Resistant, Kink-Free Garden Hoses, All-Weather Use for Lawns, Gardens,Outdoor","Patio, Lawn & Garden > Gardening & Lawn Care",48.15,3000,4.8,28,2,False,43.34,6.5,7.73,6.5,1.3,0.85,20.45,2.56,35.0,5.23,6.83,9.62,10.83,112.6,29251.0,2026-04-18,BUY,medium,+ продажи ≈3000/мес; + вход при закупке ≤$5.23 даёт маржу 25%; + Buy Box не у Amazon; + конкуренция умеренная (2 офферов),https://www.alibaba.com/trade/search?SearchText=non%20expanding%20garden%20hose%20upgrated,keepa,0.273,2331,IBXFO,US_garden,https://www.amazon.com/dp/B0GXQRZRTR
US,B0GWRQ3CWB,"Ecoflarix Large Capacity Milk Frother: 4-in-1 Electric Milk Steamer 350ml, 7700RPM High Speed, 120s Fast Frothing, 𝐇𝐨𝐭 & 𝐂𝐨𝐥𝐝 Foam Maker, Helpful Stainless Steel for Latte - Grayish Black",Home & Kitchen > Kitchen & Dining,34.19,4000,4.9,118,2,False,30.77,1.85,6.02,4.62,0.92,0.85,16.52,0.85,35.0,5.91,7.05,8.82,7.69,87.2,29079.0,2026-04-10,BUY,high,+ продажи ≈4000/мес; + вход при закупке ≤$5.91 даёт маржу 25%; + Buy Box не у Amazon; + конкуренция умеренная (2 офферов); − волатильность цены 2.613,https://www.alibaba.com/trade/search?SearchText=capacity%20milk%20frother%20electric%20steamer,keepa,2.613,771,Ecoflarix,US_home_kitchen,https://www.amazon.com/dp/B0GWRQ3CWB
US,B0GTY1QJYB,Tenmiro-Solar-Pathway-Lights-Outdoor-8-Pack-LED-Solar-Powered-Garden-Lights-Waterproof-IP65-Auto-On/Off-Outdoor-Light-for-Yard-Lawn-Patio-Path-Walkway-Driveway-Landscape-Lighting-Decor-3000K,Tools & Home Improvement > Lighting & Ceiling Fans,39.99,3000,4.7,192,4,False,35.99,2.88,7.9,5.4,1.08,0.85,17.88,2.15,35.0,4.99,6.33,8.89,9.0,101.3,28343.0,2026-02-02,BUY,high,+ продажи ≈3000/мес; + вход при закупке ≤$4.99 даёт маржу 25%; + Buy Box не у Amazon; + конкуренция умеренная (4 офферов),https://www.alibaba.com/trade/search?SearchText=solar%20pathway%20lights%20outdoor%20led,keepa,0.359,1950,Tenmiro,US_tools_diy,https://www.amazon.com/dp/B0GTY1QJYB
US,B0GTMYN73B,"Owala SmoothSip Slider Ceramic-Lined Insulated Stainless Steel Coffee Tumbler, No Metallic Taste Reusable Travel Mug, Hot Iced Coffee Cup, BPA Free 20 oz, Very, Very Dark",Home & Kitchen > Kitchen & Dining,29.99,4000,4.8,178,2,False,26.99,4.05,4.76,4.05,0.81,0.85,12.47,0.42,35.0,3.93,4.93,5.73,6.75,117.8,28341.0,2026-04-29,WATCH,high,"+ продажи ≈4000/мес; + вход при закупке ≤$3.93 даёт маржу 25%; + Buy Box не у Amazon; + конкуренция умеренная (2 офферов); − известный бренд — листинг = референс ниши, продаём PL-аналог",https://www.alibaba.com/trade/search?SearchText=smoothsip%20slider%20ceramic%20lined%20insulated,keepa,0.157,381,Owala,US_home_kitchen,https://www.amazon.com/dp/B0GTMYN73B
US,B0GLQH4453,"Haulcove 18pcs Puzzle Exercise Mat, 12.6""x12.6""x0.4"", 18sqft EVA Interlocking Foam Floor Tiles, Protective, Water-Resistant Flooring for Home Gym & Workout Equipment, Black",Tools & Home Improvement > Building Supplies,22.99,6000,4.4,774,1,False,20.69,3.1,9.45,3.1,0.62,0.85,3.56,1.73,35.0,-2.47,-1.7,,5.17,,27933.0,2026-04-14,SKIP,high,+ продажи ≈6000/мес; + Buy Box не у Amazon; + конкуренция умеренная (1 офферов); − экономика не сходится (закупка ≤$0.00 при марже 20%),https://www.alibaba.com/trade/search?SearchText=puzzle%20exercise%20mat%20sqft%20eva,keepa,0.407,1569,Haulcove,US_tools_diy,https://www.amazon.com/dp/B0GLQH4453
US,B0G471BMKK,"Tegarbed Hand Blown Glass Hummingbird Feeders for Outdoors Hanging, 24oz Wild Bird Nectar Feeder with Ant Moat and Perch, Bee-Resistant Ports, Garden Decor, Gifts for Women Mom, 1 Pack, Red Polka Dots","Patio, Lawn & Garden > Backyard Birding & Wildlife",23.32,5000,4.6,595,1,False,20.99,3.15,7.88,3.15,0.63,0.85,5.33,0.99,35.0,-0.67,0.11,,5.25,,27547.0,2026-02-08,SKIP,high,+ продажи ≈5000/мес; + Buy Box не у Amazon; + конкуренция умеренная (1 офферов); − экономика не сходится (закупка ≤$0.11 при марже 20%),https://www.alibaba.com/trade/search?SearchText=hand%20blown%20glass%20hummingbird%20feeders,keepa,0.386,898,Tegarbed,US_garden,https://www.amazon.com/dp/B0G471BMKK
US,B0GPXNJHD6,"Aynvixt Portable Rechargeable Fan, 20000mAh Battery Powered Camping Fan with LED Light & Hook, 270° Adjustable, 4-Speed, 4H Timer Camping Essentials for Outdoor Tent Travel BBQ Car, Gifts for Men Dad","Home & Kitchen > Heating, Cooling & Air Quality",26.99,5000,4.4,141,3,False,24.29,1.94,6.42,3.64,0.73,0.85,10.71,0.85,35.0,2.8,3.7,4.63,6.07,131.1,27327.0,2026-02-24,WATCH,high,+ продажи ≈5000/мес; + Buy Box не у Amazon; + конкуренция умеренная (3 офферов),https://www.alibaba.com/trade/search?SearchText=portable%20rechargeable%20fan%20mah%20battery,keepa,0.414,771,Aynvixt,US_home_kitchen,https://www.amazon.com/dp/B0GPXNJHD6
US,B0GFCZTRKL,"Zeawec 3-Piece Set Deep-Carbonized Bamboo Cutting Board for Kitchen - Crack-Resistant Wood Chopping Boards with Deep Juice Grooves, Pre-Oiled Butcher Block for Meat, Vegetables & Cheese, Carbonized",Home & Kitchen > Kitchen & Dining,14.83,10000,4.4,726,1,False,13.35,2.0,7.71,2.0,0.4,0.85,0.38,2.24,35.0,-3.84,-3.35,,3.34,,27028.0,2026-03-01,SKIP,high,+ продажи ≈10000/мес; + Buy Box не у Amazon; + конкуренция умеренная (1 офферов); − волатильность цены 1.349; − экономика не сходится (закупка ≤$0.00 при марже 20%),https://www.alibaba.com/trade/search?SearchText=piece%20deep%20carbonized%20bamboo%20cutting,keepa,1.349,2032,zeawec,US_home_kitchen,https://www.amazon.com/dp/B0GFCZTRKL
US,B0GQ31552G,"OLIXIS 2 Inch Full Size Gel Infused Memory Foam Mattress Topper, a Soft Breathable Cooling Bed Pad, a Comfortable Bed Mattress Overlay for Bedroom, RV, Camper and Sleeper Sofa, CertiPUR-US Certified",Home & Kitchen > Bedding,35.75,4000,4.4,617,1,False,32.18,4.83,14.5,4.83,0.97,0.85,6.21,4.92,35.0,-5.01,-3.82,,8.04,,26062.0,2026-02-25,SKIP,high,+ продажи ≈4000/мес; + Buy Box не у Amazon; + конкуренция умеренная (1 офферов); − волатильность цены 0.846; − экономика не сходится (закупка ≤$0.00 при марже 20%); − тяжёлый товар 4.5 кг,https://www.alibaba.com/trade/search?SearchText=full%20size%20gel%20infused%20memory,keepa,0.846,4477,OLIXIS,US_home_kitchen,https://www.amazon.com/dp/B0GQ31552G
US,B0GL2BF254,"SSWind 6000mAh Portable Handheld Fan with Ice Cooling, 199 Levels Stepless Speed, 20H Long Battery Life, 20000RPM Turbo Fan Rechargeable Personal Mini Fan for Travel, Outdoor, Makeup (Black)","Home & Kitchen > Heating, Cooling & Air Quality",28.39,4000,4.4,416,1,False,25.55,3.83,4.46,3.83,0.77,0.85,11.81,0.34,35.0,3.76,4.71,5.42,6.39,117.8,25551.0,2026-02-02,BUY,high,+ продажи ≈4000/мес; + вход при закупке ≤$3.76 даёт маржу 25%; + Buy Box не у Amazon; + конкуренция умеренная (1 офферов),https://www.alibaba.com/trade/search?SearchText=mah%20portable%20handheld%20fan%20ice,keepa,0.141,308,SSWind,US_home_kitchen,https://www.amazon.com/dp/B0GL2BF254
US,B0GMSG1KHT,"Brita Small 6-Cup Water Filter Pitcher with BritaPlus Filter, WQA NSF/ANSI Certified, Reduces 2X Contaminants vs. Standard, Removes Chlorine Taste & Odor, Reduces Zinc Copper Mercury, Stone Blue",Tools & Home Improvement > Kitchen & Bath Fixtures,26.53,4000,4.6,1330,1,False,23.88,3.58,7.49,3.58,0.72,0.85,7.66,0.77,35.0,0.68,1.56,1.69,5.97,353.6,25071.0,2026-02-10,WATCH,high,+ продажи ≈4000/мес; + Buy Box не у Amazon; + конкуренция умеренная (1 офферов),https://www.alibaba.com/trade/search?SearchText=cup%20water%20filter%20pitcher%20plus,keepa,0.113,700,BRITA,US_tools_diy,https://www.amazon.com/dp/B0GMSG1KHT
US,B0GXLGM2ZX,"Rodent Repellent for Mice & Rats, 1.41 Oz 24pc, Peppermint Oil Repellent for Rat Mice, Ant, Roach, Spider, Squirrel, for House, Garage, Car Engine, RV, Attic, Basement, Indoor & Outdoor Use","Patio, Lawn & Garden > Pest Control",23.99,5000,4.1,87,1,False,21.59,3.24,6.31,3.24,0.65,0.85,7.31,1.17,35.0,0.55,1.35,1.91,5.4,282.9,24290.0,2026-05-06,SKIP,high,+ продажи ≈5000/мес; + Buy Box не у Amazon; + конкуренция умеренная (1 офферов); − волатильность цены 0.801; − экономика не сходится (закупка ≤$1.35 при марже 20%),https://www.alibaba.com/trade/search?SearchText=rodent%20repellent%20mice%20rats%20peppermint,keepa,0.801,1061,Nameiec,US_garden,https://www.amazon.com/dp/B0GXLGM2ZX
US,B0GHYMJQ9N,"Solar Pathway Lights Outdoor, 8 Pack Upgraded Solar Garden Lights Solar Powered, Solar Lights Outdoor Waterproof IP65, 15 Hours Outdoor Solar Lights for Yard Patio Landscape Walkway Driveway Decor",Tools & Home Improvement > Lighting & Ceiling Fans,56.66,2000,4.5,96,1,False,50.99,7.65,8.06,7.65,1.53,0.85,25.26,2.25,35.0,7.6,9.49,12.51,12.75,101.9,24095.0,2026-04-29,BUY,high,+ продажи ≈2000/мес; + вход при закупке ≤$7.60 даёт маржу 25%; + Buy Box не у Amazon; + конкуренция умеренная (1 офферов),https://www.alibaba.com/trade/search?SearchText=solar%20pathway%20lights%20outdoor%20upgraded,keepa,0.176,2041,TuyLuxe,US_tools_diy,https://www.amazon.com/dp/B0GHYMJQ9N
US,B0GRVCHWTK,"OLIXIS Dresser for Bedroom with 5 Drawers, Wide Chest of Drawers, Fabric Bedroom Dresser with Drawer Organizers, Storage Organizer Unit with Fabric Bins for Closet, Living Room, Hallway,White",Home & Kitchen > Furniture,32.93,4000,4.1,2774,1,False,29.64,4.45,20.93,4.45,0.89,0.85,-1.92,11.48,35.0,-15.41,-14.32,,7.41,,24006.0,2026-03-09,SKIP,high,+ продажи ≈4000/мес; + Buy Box не у Amazon; + конкуренция умеренная (1 офферов); − экономика не сходится (закупка ≤$0.00 при марже 20%); − тяжёлый товар 10.4 кг,https://www.alibaba.com/trade/search?SearchText=dresser%20bedroom%20drawers%20wide%20chest,keepa,0.443,10433,OLIXIS,"US_storage,US_organizer",https://www.amazon.com/dp/B0GRVCHWTK
US,B0GXN1DB65,BAIMNOCM 16 Pack Refill Cartridge Compatible with M364 & Max Flying Insect Trap Plug-in Light,"Patio, Lawn & Garden > Pest Control",19.99,5000,4.5,80,1,False,17.99,2.7,5.52,2.7,0.54,0.85,5.68,0.41,35.0,0.58,1.24,1.19,4.5,379.2,23613.0,2026-04-18,SKIP,high,+ продажи ≈5000/мес; + Buy Box не у Amazon; + конкуренция умеренная (1 офферов); − экономика не сходится (закупка ≤$1.24 при марже 20%),https://www.alibaba.com/trade/search?SearchText=refill%20cartridge%20compatible%20max%20flying,keepa,0.096,372,BAIMNOCM,US_garden,https://www.amazon.com/dp/B0GXN1DB65
US,B0GHKNZH44,"Cheerair Handheld Portable Fan, 6-Speed Powerful Mini Personal Fan, Rechargeable 5000mAh Battery with Up to 15 Hours Runtime, Pocket Turbo Fan with Smart LED Display, Ideal for Travel, Camping, Makeup","Home & Kitchen > Heating, Cooling & Air Quality",24.97,4000,4.5,261,2,False,22.47,3.37,4.46,3.37,0.67,0.85,9.75,0.32,35.0,2.82,3.65,4.13,5.62,136.1,23597.0,2026-02-14,WATCH,high,+ продажи ≈4000/мес; + Buy Box не у Amazon; + конкуренция умеренная (2 офферов),https://www.alibaba.com/trade/search?SearchText=handheld%20portable%20fan%20speed%20powerful,keepa,0.162,290,CHEERAIR,US_home_kitchen,https://www.amazon.com/dp/B0GHKNZH44
US,B0GYPQ75WH,"DUMOS 32 Inch Small Computer Desk for Home Office, Gaming Writing Desks for Bedroom Modern Study Work Table Simple Style Workstation with Reinforcement Structure, Black",Home & Kitchen > Furniture,19.99,6000,4.6,2997,1,False,17.99,2.7,14.11,2.7,0.54,0.85,-2.91,8.42,35.0,-11.72,-11.05,,4.5,,22952.0,2026-04-27,SKIP,high,+ продажи ≈6000/мес; + Buy Box не у Amazon; + конкуренция умеренная (1 офферов); − волатильность цены 0.62; − экономика не сходится (закупка ≤$0.00 при марже 20%); − тяжёлый товар 7.7 кг,https://www.alibaba.com/trade/search?SearchText=computer%20desk%20home%20office%20gaming,keepa,0.62,7652,DUMOS,US_home_kitchen,https://www.amazon.com/dp/B0GYPQ75WH
US,B0G4M4LM9P,"Sikitul 100FT LED Outdoor String Lights with Remote, One Continuous Strand Patio Lights with 35+1 Shatterproof S11 Bulbs, Dimmable 2700K Warm White, Timer & 3 Modes, Low Voltage for Backyard Garden",Tools & Home Improvement > Lighting & Ceiling Fans,25.98,4000,4.6,471,4,False,23.38,2.57,7.38,3.51,0.7,0.85,8.37,1.38,35.0,0.85,1.72,2.53,5.85,231.4,22096.0,2026-04-08,WATCH,high,+ продажи ≈4000/мес; + Buy Box не у Amazon; + конкуренция умеренная (4 офферов); − волатильность цены 1.423,https://www.alibaba.com/trade/search?SearchText=led%20outdoor%20string%20lights%20remote,keepa,1.423,1252,Sikitul,US_tools_diy,https://www.amazon.com/dp/B0G4M4LM9P
US,B0GGQ39VJC,"Amzrap 200FT Solar String Lights Outdoor Waterproof 72+2 LED Bulbs, Solar Powered with Remote & USB Port, 3 Light Modes Dimmable Patio Lights for Large Backyard, Garden, Party",Tools & Home Improvement > Lighting & Ceiling Fans,59.98,2000,4.4,151,3,False,53.98,5.94,9.25,8.1,1.62,0.85,28.23,3.89,35.0,8.03,10.03,14.73,13.5,91.6,21863.0,2026-04-03,BUY,high,+ продажи ≈2000/мес; + вход при закупке ≤$8.03 даёт маржу 25%; + Buy Box не у Amazon; + конкуренция умеренная (3 офферов); − тяжёлый товар 3.5 кг,https://www.alibaba.com/trade/search?SearchText=solar%20string%20lights%20outdoor%20waterproof,keepa,0.588,3538,Amzrap,US_tools_diy,https://www.amazon.com/dp/B0GGQ39VJC
US,B0GN1TZZ9W,"WALI Desk File Organizer, 4 Tier Desktop Paper Letter Tray Organizer with Drawer and 2 Pen Holders, Office Desk Accessories & Workspace Organizers for Office, Home Supplies(DO005DH-B), 1 Pack, Black",Office Products > Office & School Supplies,17.99,6000,4.4,175,1,False,16.19,2.43,7.96,2.43,0.49,0.85,2.04,2.2,35.0,-3.12,-2.52,,4.05,,21858.0,2026-03-30,SKIP,high,+ продажи ≈6000/мес; + Buy Box не у Amazon; + конкуренция умеренная (1 офферов); − волатильность цены 0.893; − экономика не сходится (закупка ≤$0.00 при марже 20%),https://www.alibaba.com/trade/search?SearchText=desk%20file%20organizer%20tier%20desktop,keepa,0.893,2000,WALI,US_office,https://www.amazon.com/dp/B0GN1TZZ9W
US,B0GLTW1TZM,"HP 61 Tri-Color Ink Cartridge | Works with DeskJet 1000, 1510, 2050, 2510, 2540, 3000, 3050, 3510; Envy 4500, 5530; OfficeJet 2620, 4630 | C0PA5AN | Packaging May Vary",Office Products > Office Electronics,52.89,2000,4.7,69,25,False,47.6,7.14,4.13,7.14,1.43,0.85,26.91,0.25,35.0,10.94,12.7,15.01,11.9,79.3,21242.0,2026-04-08,WATCH,high,"+ продажи ≈2000/мес; + вход при закупке ≤$10.94 даёт маржу 25%; + Buy Box не у Amazon; − много офферов (25); − известный бренд — листинг = референс ниши, продаём PL-аналог",https://www.alibaba.com/trade/search?SearchText=tri%20color%20ink%20cartridge%20works,keepa,0.226,50,HP,US_office,https://www.amazon.com/dp/B0GLTW1TZM
US,B0GPXXGBD2,"TOR 14"" Stainless Steel Pressure Washer Surface Cleaner Attachment with 4 Wheels, 4000 PSI, 2 Extension Wands, Power Washer Surface Cleaner for Concrete, Driveway, Patio, Sidewalk, 1/4"" Quick Connect","Patio, Lawn & Garden > Outdoor Power Tools",37.83,3000,4.4,135,2,False,34.05,5.11,9.04,5.11,1.02,0.85,12.92,3.8,35.0,0.45,1.71,4.41,8.51,193.0,20684.0,2026-04-07,WATCH,high,+ продажи ≈3000/мес; + Buy Box не у Amazon; + конкуренция умеренная (2 офферов); − волатильность цены 0.802; − тяжёлый товар 3.5 кг,https://www.alibaba.com/trade/search?SearchText=stainless%20steel%20pressure%20washer%20surface,keepa,0.802,3452,TOR,US_garden,https://www.amazon.com/dp/B0GPXXGBD2
US,B0GYF7N7WN,"HOMESURE Supports 200lbs Heavy Duty Moving Bags - Strong Zipper & Wrap-Around Handles - Water-Resistant Storage Totes, Durable Alternative to Moving Boxes - 12 Pack - Semi-Transparent",Home & Kitchen > Storage & Organization,48.32,2000,4.8,6938,1,False,43.49,6.52,8.06,6.52,1.3,0.85,20.23,3.1,35.0,4.63,6.24,9.35,10.87,116.2,20548.0,2026-04-24,BUY,high,+ продажи ≈2000/мес; + вход при закупке ≤$4.63 даёт маржу 25%; + Buy Box не у Amazon; + конкуренция умеренная (1 офферов),https://www.alibaba.com/trade/search?SearchText=supports%20lbs%20heavy%20duty%20moving,keepa,0.103,2821,HOMESURE,US_storage,https://www.amazon.com/dp/B0GYF7N7WN
US,B0GR1TR26Y,"Leviton Decora Smart Switch, Wi-Fi, Works with Matter, Alexa, Google Assistant, Apple Home/Siri & Wired or Wirefree 3-Way, Neutral Wire Required, D315S-1RW, White",Tools & Home Improvement > Electrical,33.69,3000,4.3,75,4,False,30.32,4.55,5.76,4.55,0.91,0.85,13.71,0.26,35.0,4.34,5.46,6.12,7.58,123.8,20467.0,2026-04-01,BUY,high,+ продажи ≈3000/мес; + вход при закупке ≤$4.34 даёт маржу 25%; + Buy Box не у Amazon; + конкуренция умеренная (4 офферов),https://www.alibaba.com/trade/search?SearchText=decora%20smart%20switch%20works%20matter,keepa,0.448,240,Leviton,US_tools_diy,https://www.amazon.com/dp/B0GR1TR26Y
US,B0GWZLFTDK,"WHATOOK Portable Handheld Turbo Fan, 5 Speeds Mini Personal Fan with 4000mAh Rechargeable Battery, Small Pocket Fan for Travel Essentials, Beach, Office, Gifts for Women Men - Light pink","Home & Kitchen > Heating, Cooling & Air Quality",16.99,5000,4.8,1049,1,False,15.29,2.29,4.2,2.29,0.46,0.85,5.19,0.25,35.0,0.83,1.4,1.37,3.82,278.6,20069.0,2026-04-13,SKIP,high,+ продажи ≈5000/мес; + Buy Box не у Amazon; + конкуренция умеренная (1 офферов); − экономика не сходится (закупка ≤$1.40 при марже 20%),https://www.alibaba.com/trade/search?SearchText=portable%20handheld%20turbo%20fan%20speeds,keepa,0.316,222,WHATOOK,US_home_kitchen,https://www.amazon.com/dp/B0GWZLFTDK
US,B0GZ3MDQQ9,ATOPICK Waist Fan with Clip on: Portable 4-Speed Enlarged Fan-blades Personal Belt Fan with LED Light 6-11H of Working Time Hands-Free Neck Fan,"Home & Kitchen > Heating, Cooling & Air Quality",16.88,5000,4.5,50,1,False,15.19,2.28,4.46,2.28,0.46,0.85,4.87,0.35,35.0,0.53,1.09,1.07,3.8,354.7,19940.0,2026-04-30,SKIP,high,+ продажи ≈5000/мес; + Buy Box не у Amazon; + конкуренция умеренная (1 офферов); − экономика не сходится (закупка ≤$1.09 при марже 20%),https://www.alibaba.com/trade/search?SearchText=waist%20fan%20clip%20portable%20speed,keepa,0.267,322,ATOPICK,US_home_kitchen,https://www.amazon.com/dp/B0GZ3MDQQ9
US,B0G8G5DMWM,"Sondiko Powerful Propane Torch Gun, Cooking Torch for Sous Vide, Charcoal Starter and Steak Searing, Best for Outdoor BBQ Party and Camping, Gray & Black, Gas Welding Kits(Tank Not Included)",Tools & Home Improvement > Welding & Soldering,32.55,3000,4.4,3280,2,False,29.29,4.39,6.31,4.39,0.88,0.85,12.47,0.68,35.0,3.3,4.39,5.14,7.32,142.4,19774.0,2026-02-13,BUY,high,+ продажи ≈3000/мес; + вход при закупке ≤$3.30 даёт маржу 25%; + Buy Box не у Amazon; + конкуренция умеренная (2 офферов); − волатильность цены 0.829,https://www.alibaba.com/trade/search?SearchText=powerful%20propane%20torch%20gun%20cooking,keepa,0.829,621,Sondiko,US_tools_diy,https://www.amazon.com/dp/B0G8G5DMWM
US,B0GSGCMPR8,"AI Portable Waist Fan, 6-Speed 15,000RPM Strong Turbo Airflow, 30H Cooling Battery Powered Personal Fan Rechargeable, Wearable Hands-Free Shirt/Belt/Body Fan for Travel, Work, Outdoor, Gift for Men","Home & Kitchen > Heating, Cooling & Air Quality",20.89,4000,4.6,157,2,False,18.8,1.5,4.2,2.82,0.56,0.85,8.86,0.25,35.0,2.9,3.59,4.16,4.7,112.9,19741.0,2026-03-13,WATCH,high,+ продажи ≈4000/мес; + Buy Box не у Amazon; + конкуренция умеренная (2 офферов),https://www.alibaba.com/trade/search?SearchText=portable%20waist%20fan%20speed%20rpm,keepa,0.366,231,Aynvixt,US_home_kitchen,https://www.amazon.com/dp/B0GSGCMPR8
US,B0GWD1C8RG,"Mosquito Repellent for Patio 48 Balls - Natural Mosquito Repellent Indoor & Outdoor Use, Mosquito Deterrent for Yard - Long Lasting Mosquito Control for Camping, Travel & Home","Patio, Lawn & Garden > Pest Control",29.99,3000,4.5,141,1,False,26.99,4.05,4.35,4.05,0.81,0.85,12.88,0.27,35.0,4.34,5.34,6.14,6.75,110.0,19130.0,2026-04-07,BUY,high,+ продажи ≈3000/мес; + вход при закупке ≤$4.34 даёт маржу 25%; + Buy Box не у Amazon; + конкуренция умеренная (1 офферов); − волатильность цены 1.348,https://www.alibaba.com/trade/search?SearchText=mosquito%20repellent%20patio%20balls%20natural,keepa,1.348,249,hersohis,US_garden,https://www.amazon.com/dp/B0GWD1C8RG
US,B0GX5M47F3,"250 Anniversary USA Flag, 4th of July Decorations, Double Sided, UV Protection, Fade Resistant, 12x18 Inch, American Patriotic Outdoor Yard Garden Flags, 1776-2026 Commemorative (Blue)","Patio, Lawn & Garden > Outdoor Décor",12.8,7000,4.7,195,1,False,11.52,1.73,3.44,1.73,0.35,0.85,3.43,0.25,35.0,0.22,0.65,0.55,2.88,525.2,19051.0,2026-04-28,SKIP,high,+ продажи ≈7000/мес; + Buy Box не у Amazon; + конкуренция умеренная (1 офферов); − экономика не сходится (закупка ≤$0.65 при марже 20%),https://www.alibaba.com/trade/search?SearchText=anniversary%20usa%20flag%20july%20decorations,keepa,0.477,41,VeleFete,US_garden,https://www.amazon.com/dp/B0GX5M47F3
US,B0GTZ1Z78F,"250th Anniversary American Flag - Double Sided 3-Ply Flag for outside,4th of July Decorations Independence Day,USA Flag 250 Year Anniversary for Outdoor Decoration","Patio, Lawn & Garden > Outdoor Décor",29.71,3000,4.6,212,2,False,26.74,4.01,3.85,4.01,0.8,0.85,13.22,0.32,35.0,4.6,5.59,6.53,6.68,102.4,18951.0,2026-04-24,BUY,high,+ продажи ≈3000/мес; + вход при закупке ≤$4.60 даёт маржу 25%; + Buy Box не у Amazon; + конкуренция умеренная (2 офферов); − волатильность цены 0.774,https://www.alibaba.com/trade/search?SearchText=anniversary%20american%20flag%20double%20sided,keepa,0.774,290,DKJOAZ,US_garden,https://www.amazon.com/dp/B0GTZ1Z78F
US,B0GSLPS5GZ,"FunnyAir Filtered Handheld Shower Head, 9 Spray Modes High Pressure, 3 Replacement Filters Included, Hard Water Softener 20-Stage Filtration, Remove Chlorine, Relieve Dry Itchy Skin, 3 Filters-Chrome",Tools & Home Improvement > Kitchen & Bath Fixtures,39.99,2000,4.5,1043,1,False,35.99,5.4,6.02,5.4,1.08,0.85,17.24,0.92,35.0,5.42,6.76,8.25,9.0,109.1,18895.0,2026-03-15,BUY,high,+ продажи ≈2000/мес; + вход при закупке ≤$5.42 даёт маржу 25%; + Buy Box не у Amazon; + конкуренция умеренная (1 офферов),https://www.alibaba.com/trade/search?SearchText=filtered%20handheld%20shower%20head%20spray,keepa,0.0,839,FunnyAir,US_tools_diy,https://www.amazon.com/dp/B0GSLPS5GZ
US,B0GYHYSZN7,"250 Anniversary USA Flag: 3x5Ft 3-Ply Double Sided America 250 Years of Freedom Flags, Heavy Outdoor Patriotic Flag Merchandise with Brass Grommets","Patio, Lawn & Garden > Outdoor Décor",19.66,4000,4.7,93,1,False,17.69,2.65,3.91,2.65,0.53,0.85,7.09,0.32,35.0,1.74,2.4,2.67,4.42,165.6,18579.0,2026-05-25,WATCH,high,+ продажи ≈4000/мес; + Buy Box не у Amazon; + конкуренция умеренная (1 офферов),https://www.alibaba.com/trade/search?SearchText=anniversary%20usa%20flag%20ply%20double,keepa,0.051,291,Fenoee,US_garden,https://www.amazon.com/dp/B0GYHYSZN7
US,B0GQGYG7FZ,"Cnuoky 6 Pack Solar Garden Lights 48 LED, Solar Lights Outdoor Waterproof IP65, Decorative Garden Lights Solar Powered for Yard Patio Pathway Decor, Outside Fairy Firefly Lights Garden Gifts",Tools & Home Improvement > Lighting & Ceiling Fans,28.48,3000,4.6,119,5,False,25.63,2.05,6.42,3.84,0.77,0.85,11.7,1.09,35.0,3.11,4.06,5.29,6.41,121.1,18167.0,2026-02-27,BUY,high,+ продажи ≈3000/мес; + вход при закупке ≤$3.11 даёт маржу 25%; + Buy Box не у Amazon; + конкуренция умеренная (5 офферов),https://www.alibaba.com/trade/search?SearchText=solar%20garden%20lights%20led%20outdoor,keepa,0.591,989,Cnuoky,US_tools_diy,https://www.amazon.com/dp/B0GQGYG7FZ
US,B0GR4K5WF3,"Ello Duraglass Refresh 3.4 Cup Meal Prep Sets 10Pc, 5 Pack Set- Glass Food Storage Container with Silicone Boot and Airtight BPA-Free Plastic Lids, Dishwasher, Microwave and Freezer Safe, Melon",Home & Kitchen > Kitchen & Dining,42.52,2000,4.7,7446,1,False,38.27,5.74,8.95,5.74,1.15,0.85,15.84,4.0,35.0,1.68,3.1,6.27,9.57,152.5,18082.0,2026-04-15,WATCH,high,+ продажи ≈2000/мес; + Buy Box не у Amazon; + конкуренция умеренная (1 офферов); − тяжёлый товар 3.6 кг,https://www.alibaba.com/trade/search?SearchText=duraglass%20refresh%20cup%20meal%20prep,keepa,0.117,3635,Ello,US_storage,https://www.amazon.com/dp/B0GR4K5WF3
US,B0GVG6YHZJ,"Griddle Mat Barbeque Grill Accessories Tools for Blackstone, Side Shelf Mat Grill Pad for Outdoor Grill Kitchen Counter Spatula Silicone Mat with Drip Pad for Kitchen, Cooking, Countertop (Black)","Patio, Lawn & Garden > Grills & Outdoor Cooking",18.99,4000,4.7,1446,1,False,17.09,2.56,4.76,2.56,0.51,0.85,5.84,0.39,35.0,0.88,1.51,1.57,4.27,272.5,17946.0,2026-03-30,WATCH,high,+ продажи ≈4000/мес; + Buy Box не у Amazon; + конкуренция умеренная (1 офферов),https://www.alibaba.com/trade/search?SearchText=griddle%20mat%20barbeque%20grill%20accessories,keepa,0.0,350,Find law,US_garden,https://www.amazon.com/dp/B0GVG6YHZJ
US,B0G6JYYML4,"BluSwim 2026 Above Ground Pool Surface Skimmer Come with 3 Filter Socks, Enhanced Structure & Thickened Brackets Wall Mount Pool Skimmer, Floating Top Skimmers - Auto Skimming Water Surface Debris","Patio, Lawn & Garden > Pools, Hot Tubs & Supplies",21.58,4000,4.1,136,1,False,19.42,2.91,8.97,2.91,0.58,0.85,3.19,1.94,35.0,-2.67,-1.95,,4.86,,17480.0,2026-03-19,SKIP,high,+ продажи ≈4000/мес; + Buy Box не у Amazon; + конкуренция умеренная (1 офферов); − волатильность цены 0.624; − экономика не сходится (закупка ≤$0.00 при марже 20%),https://www.alibaba.com/trade/search?SearchText=above%20ground%20pool%20surface%20skimmer,keepa,0.624,1760,BluSwim,US_garden,https://www.amazon.com/dp/B0G6JYYML4
US,B0GZ4QLK4L,"DUMOS 43 Inch Folding Storage Ottoman Bench, Large Hidden Storage Chest with Thicker Foam Padded Seat, End of Bed Foot Rest Stool for Bedroom Living Room Entryway, Load 660 lbs, Grey",Home & Kitchen > Furniture,29.97,3000,4.7,826,1,False,26.97,4.05,20.14,4.05,0.81,0.85,-2.92,10.34,35.0,-14.81,-13.82,,6.74,,17205.0,2026-04-30,SKIP,high,+ продажи ≈3000/мес; + Buy Box не у Amazon; + конкуренция умеренная (1 офферов); − волатильность цены 1.443; − экономика не сходится (закупка ≤$0.00 при марже 20%); − тяжёлый товар 9.4 кг,https://www.alibaba.com/trade/search?SearchText=folding%20storage%20ottoman%20bench%20hidden,keepa,1.443,9398,DUMOS,US_storage,https://www.amazon.com/dp/B0GZ4QLK4L
US,B0GMXTK29R,"DIAUT Neem Oil Spray for Plants with Peppermint Oil, Easy Ready to Use Natural Plant Wash and Foliage Care for Indoor and Outdoor Plants, Gardens, Houseplants & Vegetables, 16 oz","Patio, Lawn & Garden > Gardening & Lawn Care",19.99,4000,4.6,171,3,False,17.99,2.7,5.61,2.7,0.54,0.85,5.59,0.65,35.0,0.33,1.0,1.1,4.5,410.3,17001.0,2026-02-13,SKIP,high,+ продажи ≈4000/мес; + Buy Box не у Amazon; + конкуренция умеренная (3 офферов); − экономика не сходится (закупка ≤$1.00 при марже 20%),https://www.alibaba.com/trade/search?SearchText=neem%20oil%20spray%20plants%20peppermint,keepa,0.462,590,Diaut,US_garden,https://www.amazon.com/dp/B0GMXTK29R
US,B0GS5DPGJH,"Cordless Electric Scissors 4V Rechargeable Cardboard Cutter with 4 SK5 Blades, 2000mAh Battery, LED Light, Electric Box Cutter 1/3” Cutting Capacity Power Cutter for Fabric Carpet Leather - Blue",Tools & Home Improvement > Power & Hand Tools,35.66,2000,4.5,77,1,False,32.09,3.85,5.72,4.81,0.96,0.85,15.9,0.75,35.0,5.28,6.47,7.87,8.02,101.9,16849.0,2026-03-11,BUY,high,+ продажи ≈2000/мес; + вход при закупке ≤$5.28 даёт маржу 25%; + Buy Box не у Amazon; + конкуренция умеренная (1 офферов),https://www.alibaba.com/trade/search?SearchText=cordless%20electric%20scissors%20rechargeable%20cardboard,keepa,0.28,680,BUBRA,US_tools_diy,https://www.amazon.com/dp/B0GS5DPGJH
UK,B0GRV97S67,"Fly Screens for Windows, 3 Pack Self-Adhesives Window Netting for Insects, DIY Cut to Size Bug Mosquito Net, 130x150CM Window Screen White Window Mesh Insect Screen Curtain, Fitted to Multiple Windows",DIY & Tools > Hardware,16.51,5000,4.1,4459,1,False,14.86,1.04,3.12,2.23,0.45,0.65,7.38,0.3,4.0,3.23,3.95,3.66,3.72,101.5,16718.0,2026-03-09,BUY,high,+ продажи ≈5000/мес; + вход при закупке ≤$3.23 даёт маржу 25%; + Buy Box не у Amazon; + конкуренция умеренная (1 офферов); − волатильность цены 0.729,https://www.alibaba.com/trade/search?SearchText=fly%20screens%20windows%20self%20adhesives,keepa,0.729,300,MOEGFY,UK_tools_diy,https://www.amazon.co.uk/dp/B0GRV97S67
US,B0G5MZ23QB,"ETENWOLF Vacuum Storage Bags for Travel with Rechargeable Wireless Pump, Vacuum Seal Bags for Clothes and Travel, Space Saver Bags in Carry-On Sizes, Perfect for Luggage and Suitcases, 12 Combo",Home & Kitchen > Storage & Organization,25.98,3000,4.5,599,1,False,23.38,3.51,7.01,3.51,0.7,0.85,7.81,1.39,35.0,0.43,1.29,1.96,5.85,298.2,16572.0,2026-02-28,SKIP,high,+ продажи ≈3000/мес; + Buy Box не у Amazon; + конкуренция умеренная (1 офферов); − экономика не сходится (закупка ≤$1.29 при марже 20%),https://www.alibaba.com/trade/search?SearchText=vacuum%20storage%20bags%20travel%20rechargeable,keepa,0.458,1260,ETENWOLF,US_storage,https://www.amazon.com/dp/B0G5MZ23QB
US,B0G1CPTKNQ,"Kidde Carbon Monoxide Detector, Plug-in Carbon Monoxide Detector with AA Battery Backup, 85 dB Alarm, Rotating Plug, LED Status Light Indicators, 5th Edition, COP",Tools & Home Improvement > Safety & Security,34.97,2000,4.8,1126,1,False,31.47,4.72,4.35,4.72,0.94,0.85,15.89,0.31,35.0,5.71,6.87,8.02,7.87,98.1,16523.0,2026-03-01,WATCH,high,"+ продажи ≈2000/мес; + вход при закупке ≤$5.71 даёт маржу 25%; + Buy Box не у Amazon; + конкуренция умеренная (1 офферов); − известный бренд — листинг = референс ниши, продаём PL-аналог",https://www.alibaba.com/trade/search?SearchText=carbon%20monoxide%20detector%20plug%20battery,keepa,0.056,285,Kidde,US_tools_diy,https://www.amazon.com/dp/B0G1CPTKNQ
US,B0GY3P6NVK,"OLIXIS 7 Drawer Closet Organizer Chest, Fabric Storage Tower with Sturdy Steel Frame, Wooden Top & Easy Pull Fabric Bins, Dresser for Bedroom Living Room Entryway Clothes Organization, White",Home & Kitchen > Furniture,39.96,2000,4.1,3689,1,False,35.96,5.39,22.9,5.39,1.08,0.85,0.35,13.84,35.0,-16.66,-15.32,,8.99,,16184.0,2026-04-22,SKIP,high,+ продажи ≈2000/мес; + Buy Box не у Amazon; + конкуренция умеренная (1 офферов); − экономика не сходится (закупка ≤$0.00 при марже 20%); − тяжёлый товар 12.6 кг,https://www.alibaba.com/trade/search?SearchText=drawer%20closet%20organizer%20chest%20fabric,keepa,0.351,12583,OLIXIS,"US_storage,US_organizer",https://www.amazon.com/dp/B0GY3P6NVK
US,B0G527L729,"YsChois Electric Fly Swatter, Bug Zapper Companion, Mosquito Killer Racket | Gold Zone Voltage, 3mm Mesh, Apple-Like Weight, AA Battery Operated (not incl), Pro Swat Tips for Indoor & Outdoor, 2 Packs","Patio, Lawn & Garden > Pest Control",19.97,4000,4.4,639,1,False,17.97,2.7,6.31,2.7,0.54,0.85,4.88,0.63,35.0,-0.18,0.49,,4.49,,16176.0,2026-03-27,SKIP,high,+ продажи ≈4000/мес; + Buy Box не у Amazon; + конкуренция умеренная (1 офферов); − волатильность цены 0.752; − экономика не сходится (закупка ≤$0.49 при марже 20%),https://www.alibaba.com/trade/search?SearchText=electric%20fly%20swatter%20bug%20zapper,keepa,0.752,572,YsChois,US_garden,https://www.amazon.com/dp/B0G527L729
US,B0G6K6QHQM,"AquClor Chlorine Floater with Light,Pool Chlorine Floater with Adjustable Flow,Solar Chlorine Floater w/Large Capacity,Collapsible Floating Chlorine Dispenser for Pool,Hot Tub Chlorine Floater,Blue","Patio, Lawn & Garden > Pools, Hot Tubs & Supplies",18.95,4000,4.1,142,1,False,17.05,2.56,6.31,2.56,0.51,0.85,4.27,0.48,35.0,-0.36,0.28,,4.26,,15350.0,2026-03-17,SKIP,high,+ продажи ≈4000/мес; + Buy Box не у Amazon; + конкуренция умеренная (1 офферов); − волатильность цены 0.645; − экономика не сходится (закупка ≤$0.28 при марже 20%),https://www.alibaba.com/trade/search?SearchText=chlorine%20floater%20light%20pool%20adjustable,keepa,0.645,440,AquClor,US_garden,https://www.amazon.com/dp/B0G6K6QHQM
US,B0GPWC5QDS,"Sakugi Double Rods Clothes Rack - Metal Clothing Rack with Fixed Double Rods, Rolling Wheels & Built-In Shelf for Closet, Bedroom, Laundry Storage (39"" x 17"" x 60"", Black)",Home & Kitchen > Storage & Organization,36.66,2000,4.3,104,3,False,32.99,4.95,9.3,4.95,0.99,0.85,11.96,4.91,35.0,-0.89,0.33,,8.25,,14847.0,2026-04-19,SKIP,high,+ продажи ≈2000/мес; + Buy Box не у Amazon; + конкуренция умеренная (3 офферов); − экономика не сходится (закупка ≤$0.33 при марже 20%); − тяжёлый товар 4.5 кг,https://www.alibaba.com/trade/search?SearchText=double%20rods%20clothes%20rack%20metal,keepa,0.191,4468,Sakugi,US_storage,https://www.amazon.com/dp/B0GPWC5QDS
US,B0GJB1R19V,Embroidered 1776 250 Anniversary USA Flags 3x5 Outdoor- Betsy Ross American 2026 Flag Heavy Duty Nylon Embroidered Stars Sewn Stripes 250th Commemorative for Outside,"Patio, Lawn & Garden > Outdoor Décor",21.99,3000,4.4,116,1,False,19.79,2.97,4.68,2.97,0.59,0.85,7.73,0.27,35.0,1.86,2.59,2.78,4.95,177.8,14843.0,2026-03-06,WATCH,high,+ продажи ≈3000/мес; + Buy Box не у Amazon; + конкуренция умеренная (1 офферов),https://www.alibaba.com/trade/search?SearchText=embroidered%20anniversary%20usa%20flags%20outdoor,keepa,0.207,249,SUJEB,US_garden,https://www.amazon.com/dp/B0GJB1R19V
US,B0GYZG7P6X,Reliant Pet Chicken Mites Treatment and Coop Poultry Spray for Mite's Lice Ticks Fleas and Flies - Dust Mite Killer Spray 16oz - Chicken Coop Fly Control - Made in USA - Chicken Coop Accessories,"Patio, Lawn & Garden > Pest Control",21.95,3000,4.1,49,1,False,19.75,2.96,5.22,2.96,0.59,0.85,7.17,0.61,35.0,1.2,1.93,2.23,4.94,221.8,14816.0,2026-05-07,WATCH,high,+ продажи ≈3000/мес; + Buy Box не у Amazon; + конкуренция умеренная (1 офферов),https://www.alibaba.com/trade/search?SearchText=chicken%20mites%20treatment%20coop%20poultry,keepa,0.22,558,Reliant Pet,US_garden,https://www.amazon.com/dp/B0GYZG7P6X
US,B0GQT2YND1,"4th of July Table Decorations, 3Pcs Red White and Blue Decorations, Retro Patriotic Memorial Day Tiered Tray Decor, Labor Day Independence Day Fourth of July Decor for Home Office Shelf",Home & Kitchen > Home Décor Products,18.06,4000,4.4,55,1,False,16.25,2.44,4.05,2.44,0.49,0.85,5.99,0.25,35.0,1.24,1.84,1.93,4.06,210.9,14629.0,2026-03-02,WATCH,high,+ продажи ≈4000/мес; + Buy Box не у Amazon; + конкуренция умеренная (1 офферов); − волатильность цены 0.664,https://www.alibaba.com/trade/search?SearchText=july%20table%20decorations%20retro%20patriotic,keepa,0.664,222,PAIVSUN,US_home_kitchen,https://www.amazon.com/dp/B0GQT2YND1
US,B0GTL1NXYM,"Vexinat LED Corner Floor Lamp, RGB LED Corner Lamp with App & Remote, Smart Floor Lamp with 16 Million Colors, Music Sync, Scene Modes, Color Changing Standing Lamps for Living Room, Bedroom",Tools & Home Improvement > Lighting & Ceiling Fans,34.18,2000,4.6,151,3,False,30.76,2.46,7.66,4.61,0.92,0.85,14.25,1.65,35.0,3.64,4.78,6.56,7.69,117.2,14535.0,2026-03-23,BUY,high,+ продажи ≈2000/мес; + вход при закупке ≤$3.64 даёт маржу 25%; + Buy Box не у Amazon; + конкуренция умеренная (3 офферов); − волатильность цены 0.839,https://www.alibaba.com/trade/search?SearchText=led%20corner%20floor%20lamp%20rgb,keepa,0.839,1501,Vexinat,US_tools_diy,https://www.amazon.com/dp/B0GTL1NXYM
US,B0GSR2ZVG9,"Qticare Airplane Seat Cushion, Air-Cell Travel Cushion for Long Flights, Inflatable Portable Seat Pad with Built-in Pump for Air Travel, Car, Office Chair and Wheelchair",Office Products > Office Furniture & Lighting,69.99,1000,4.4,45,1,False,62.99,9.45,6.45,9.45,1.89,0.85,34.9,0.6,35.0,13.74,16.08,19.16,15.75,82.2,14173.0,2026-03-16,BUY,high,+ продажи ≈1000/мес; + вход при закупке ≤$13.74 даёт маржу 25%; + Buy Box не у Amazon; + конкуренция умеренная (1 офферов); − волатильность цены 1.112,https://www.alibaba.com/trade/search?SearchText=airplane%20seat%20cushion%20air%20cell,keepa,1.112,549,Qticare,US_office,https://www.amazon.com/dp/B0GSR2ZVG9
US,B0GY326XG3,"BEESTMUEBLE 5 Tier Metal Bookshelf with Anti-Drop Fence, 72"" H Adjustable Tall Bookcase, Heavy Duty 3000 LBS Modern Deep Book Shelf, Bolt-Free Storage Shelves for Living Room, Home Office, Garage",Home & Kitchen > Storage & Organization,69.99,1000,4.1,79,2,False,62.99,9.45,46.39,9.45,1.89,0.85,-5.04,30.24,35.0,-37.79,-35.46,,15.75,,14173.0,2026-04-19,SKIP,high,+ продажи ≈1000/мес; + Buy Box не у Amazon; + конкуренция умеренная (2 офферов); − экономика не сходится (закупка ≤$0.00 при марже 20%); − тяжёлый товар 27.5 кг,https://www.alibaba.com/trade/search?SearchText=tier%20metal%20bookshelf%20anti%20drop,keepa,0.286,27488,BEESTMUEBLE,US_storage,https://www.amazon.com/dp/B0GY326XG3
US,B0H3P36QNZ,"9 Inch Portable Laminator Machine with Anti-Jam Tech, All-in-One A4 Thermal Laminator w/Trimmer & Corner Rounder for Home, Office, School, Business, 40 Sheets Included（White）",Office Products > Office Electronics,34.99,2000,4.4,4,1,False,31.49,1.89,6.75,4.72,0.94,0.85,16.33,1.34,35.0,5.27,6.44,8.46,7.87,93.1,14171.0,2026-06-02,BUY,medium,+ продажи ≈2000/мес; + вход при закупке ≤$5.27 даёт маржу 25%; + Buy Box не у Amazon; + конкуренция умеренная (1 офферов); − волатильность цены 0.867,https://www.alibaba.com/trade/search?SearchText=portable%20laminator%20machine%20anti%20jam,keepa,0.867,1220,AMZHYMN,US_office,https://www.amazon.com/dp/B0H3P36QNZ
US,B0GXZVRK3R,"Locksworth 8-Sheet Micro Cut Shredder for Home Office, 4 Gallons Bin P-4 High Security Shredders for Papers/Credit Cards/Staples/Clips, Small Commercial Paper Shredder with Transparent Window",Office Products > Office Electronics,32.39,2000,4.6,154,1,False,29.15,4.37,10.05,4.37,0.87,0.85,8.63,5.39,35.0,-3.0,-1.92,,7.29,,13774.0,2026-04-21,SKIP,high,+ продажи ≈2000/мес; + Buy Box не у Amazon; + конкуренция умеренная (1 офферов); − экономика не сходится (закупка ≤$0.00 при марже 20%); − тяжёлый товар 4.9 кг,https://www.alibaba.com/trade/search?SearchText=sheet%20micro%20cut%20shredder%20home,keepa,0.158,4899,Locksworth,US_office,https://www.amazon.com/dp/B0GXZVRK3R
US,B0G47Q7TFV,2 Fly Traps Outdoor Fly Trap for Patio with 4 Non-Toxic Dissolvable Bait Refills and 12 Sticky Ribbons. Reusable Hanging Bug Catcher Killer for All Filth Flies for Outside Bug Control Yard Ranch,"Patio, Lawn & Garden > Pest Control",16.19,4000,4.6,171,1,False,14.57,2.19,5.76,2.19,0.44,0.85,3.15,0.48,35.0,-0.72,-0.18,,3.64,,13770.0,2026-03-13,SKIP,high,+ продажи ≈4000/мес; + Buy Box не у Amazon; + конкуренция умеренная (1 офферов); − экономика не сходится (закупка ≤$0.00 при марже 20%),https://www.alibaba.com/trade/search?SearchText=fly%20traps%20outdoor%20trap%20patio,keepa,0.579,440,BugBane,US_garden,https://www.amazon.com/dp/B0G47Q7TFV
US,B0G6JYNBVK,"AquClor 2026 New Pool Chlorine Floater,Large Capacity Chlorine Floaters for 5 * 3'' Chlorine Tabs,Solar Chlorine Floater w/Light,Adjustable Floating Chlorine Dispenser for Pool,Hot Tub,Blue","Patio, Lawn & Garden > Pools, Hot Tubs & Supplies",16.87,4000,4.2,157,1,False,15.18,2.28,7.3,2.28,0.46,0.85,2.02,0.64,35.0,-1.79,-1.22,,3.8,,13665.0,2026-03-18,SKIP,high,+ продажи ≈4000/мес; + Buy Box не у Amazon; + конкуренция умеренная (1 офферов); − экономика не сходится (закупка ≤$0.00 при марже 20%),https://www.alibaba.com/trade/search?SearchText=pool%20chlorine%20floater%20capacity%20floaters,keepa,0.503,580,AquClor,US_garden,https://www.amazon.com/dp/B0G6JYNBVK
US,B0GWLVDMZ9,"Stitch Gun for Clothes - Handheld Stitch Gun Quick Clothing Fixer - Tagging Gun - Includes 6 Needle, 1000 Black Fasteners & 1002 White Fasteners",Office Products > Office & School Supplies,29.99,2000,4.3,6489,1,False,26.99,4.05,4.09,4.05,0.81,0.85,13.14,0.25,35.0,4.55,5.55,6.4,6.75,105.5,13496.0,2026-04-09,BUY,high,+ продажи ≈2000/мес; + вход при закупке ≤$4.55 даёт маржу 25%; + Buy Box не у Amazon; + конкуренция умеренная (1 офферов),https://www.alibaba.com/trade/search?SearchText=stitch%20gun%20clothes%20handheld%20quick,keepa,0.097,231,Scopck,US_office,https://www.amazon.com/dp/B0GWLVDMZ9
US,B0GLFC6RTQ,"Sweetcrispy Tall Drafting Desk Chair - Ergonomic High Stool Computer with Adjustable Height and Comfy Lumbar Support, Office Rolling Counter with Flip-up Arm and Footrest, Black",Office Products > Office Furniture & Lighting,64.93,1000,4.4,86,1,False,58.44,8.77,24.79,8.77,1.75,0.85,13.51,14.97,35.0,-11.9,-9.74,,14.61,,13148.0,2026-02-04,SKIP,high,+ продажи ≈1000/мес; + Buy Box не у Amazon; + конкуренция умеренная (1 офферов); − экономика не сходится (закупка ≤$0.00 при марже 20%); − тяжёлый товар 13.6 кг,https://www.alibaba.com/trade/search?SearchText=tall%20drafting%20desk%20chair%20ergonomic,keepa,0.332,13608,Sweetcrispy,US_office,https://www.amazon.com/dp/B0GLFC6RTQ
US,B0GHXL58FB,"OLIGHT IMINI 2 EDC Rechargeable Keychain Flashlight, 50 Lumens Compact and Portable Mini LED Keyring Lights with Built-in Battery Ideal for Everyday Carry and Emergencies (Midnight Blue)",Tools & Home Improvement > Safety & Security,18.49,3000,4.8,9235,1,False,16.64,2.5,3.55,2.5,0.5,0.85,6.75,0.25,35.0,1.73,2.35,2.59,4.16,160.7,13105.0,2026-03-19,WATCH,high,+ продажи ≈3000/мес; + Buy Box не у Amazon; + конкуренция умеренная (1 офферов),https://www.alibaba.com/trade/search?SearchText=imini%20edc%20rechargeable%20keychain%20flashlight,keepa,0.325,41,OLIGHT,US_tools_diy,https://www.amazon.com/dp/B0GHXL58FB
US,B0G2BQNPVN,"SmartDawn 100FT 52 LED Bulbs Outdoor String Lights, G40 Shatterproof String Lights, IP65 Waterproof Connectable Outside Patio Light for Backyard Porch Balcony Garden Decor Christmas Camping Gazebo",Tools & Home Improvement > Lighting & Ceiling Fans,29.99,2000,4.8,130,3,False,26.99,4.05,7.32,4.05,0.81,0.85,9.91,1.52,35.0,1.22,2.22,3.17,6.75,213.1,12753.0,2026-02-03,WATCH,high,+ продажи ≈2000/мес; + Buy Box не у Amazon; + конкуренция умеренная (3 офферов),https://www.alibaba.com/trade/search?SearchText=led%20bulbs%20outdoor%20string%20lights,keepa,0.533,1379,SmartDawn,US_tools_diy,https://www.amazon.com/dp/B0G2BQNPVN
US,B0GMMT7KRP,"Waspika Peppermint Oil Insect and Spider Repellent Spray, Repels and Kills Ants and Bugs, Extra Strength Natural Plant Based Pest Control for Home, Kitchen and Garden, Safe for Family and Pets, 16 oz","Patio, Lawn & Garden > Pest Control",19.99,3000,4.7,238,1,False,17.99,2.7,5.61,2.7,0.54,0.85,5.59,0.63,35.0,0.35,1.01,1.1,4.5,410.3,12751.0,2026-02-05,SKIP,high,+ продажи ≈3000/мес; + Buy Box не у Amazon; + конкуренция умеренная (1 офферов); − волатильность цены 0.808; − экономика не сходится (закупка ≤$1.01 при марже 20%),https://www.alibaba.com/trade/search?SearchText=peppermint%20oil%20insect%20spider%20repellent,keepa,0.808,572,Waspika,US_garden,https://www.amazon.com/dp/B0GMMT7KRP
US,B0GXV4S23L,"LED Desk Lamp with Power Strip, 3 AC Outlets & 4 USB Ports (2 USB-C), Stepless Dimming & 2800K-6500K Eye-Caring Desk Light, Foldable Table Lamp with 5FT Cord for Home Office, Dorm Room Essentials",Tools & Home Improvement > Lighting & Ceiling Fans,19.98,3000,4.6,94,2,False,17.98,1.44,5.22,2.7,0.54,0.85,7.24,0.58,35.0,1.6,2.26,2.74,4.5,164.0,12745.0,2026-04-20,WATCH,high,+ продажи ≈3000/мес; + Buy Box не у Amazon; + конкуренция умеренная (2 офферов); − волатильность цены 0.806,https://www.alibaba.com/trade/search?SearchText=led%20desk%20lamp%20power%20strip,keepa,0.806,531,Sompaty,US_tools_diy,https://www.amazon.com/dp/B0GXV4S23L
UK,B0GQ4HGNXL,"Hon&Guan 150mm / 6 inch Aluminium PVC Ventilation Air Ducting 5m Flexible Vent Hose Pipe for Extractor Fan, Tumble Dryer, Grow Tent and Heater",DIY & Tools > Building Supplies,27.24,2000,4.2,3646,1,False,24.51,3.19,3.98,3.68,0.74,0.65,12.29,0.79,4.0,5.16,6.33,6.16,6.13,99.5,12257.0,2026-05-10,BUY,high,+ продажи ≈2000/мес; + вход при закупке ≤$5.16 даёт маржу 25%; + Buy Box не у Amazon; + конкуренция умеренная (1 офферов),https://www.alibaba.com/trade/search?SearchText=aluminium%20pvc%20ventilation%20air%20ducting,keepa,0.367,794,Hon&Guan,UK_tools_diy,https://www.amazon.co.uk/dp/B0GQ4HGNXL
US,B0GHP439B2,"CableGenie [Made in the UK] 10-Pack Adjustable Elastic Adhesive Cable Clips, Wire Management Holder, Cord Organizer for Home Office, Under Desk, Behind TV, Phone Charger, Laptop, PC, HDMI, USB (Black)",Tools & Home Improvement > Electrical,17.2,3000,4.6,233,1,False,15.48,2.32,4.09,2.32,0.46,0.85,5.43,0.25,35.0,0.97,1.54,1.56,3.87,247.8,12190.0,2026-05-11,WATCH,high,+ продажи ≈3000/мес; + Buy Box не у Amazon; + конкуренция умеренная (1 офферов),https://www.alibaba.com/trade/search?SearchText=made%20adjustable%20elastic%20adhesive%20cable,keepa,0.322,74,CableGenie,US_tools_diy,https://www.amazon.com/dp/B0GHP439B2
US,B0GMQDX17G,"15 Pack Travel Vacuum Bags with Electric Pump, 70KPa Vacuum Storage Bags for Clothing, Reusable Space Saver Bags for Suitcase, Travel & Home Storage, Alpine White",Home & Kitchen > Storage & Organization,28.49,2000,4.7,317,4,False,25.64,1.54,7.01,3.85,0.77,0.85,11.63,1.19,35.0,2.98,3.93,5.22,6.41,122.9,12115.0,2026-02-10,WATCH,high,+ продажи ≈2000/мес; + Buy Box не у Amazon; + конкуренция умеренная (4 офферов); − волатильность цены 0.712,https://www.alibaba.com/trade/search?SearchText=travel%20vacuum%20bags%20electric%20pump,keepa,0.712,1084,SNOCOD,US_storage,https://www.amazon.com/dp/B0GMQDX17G
US,B0GSVFSJ51,"VASAGLE Shoe Storage Cabinet Organizer with 2 Flip Drawers, Freestanding Narrow Shoe Rack Cabinet for Entryway, Farmhouse Style, Fits 14 to 16 Pairs, Honey Brown UHSC203KB01S",Home & Kitchen > Storage & Organization,66.47,900,4.4,97,1,False,59.82,8.97,30.98,8.97,1.79,0.85,8.25,22.65,35.0,-21.75,-19.53,,14.96,,12114.0,2026-03-16,SKIP,high,+ продажи ≈900/мес; + Buy Box не у Amazon; + конкуренция умеренная (1 офферов); − экономика не сходится (закупка ≤$0.00 при марже 20%); − тяжёлый товар 20.6 кг,https://www.alibaba.com/trade/search?SearchText=shoe%20storage%20cabinet%20organizer%20flip,keepa,0.298,20593,VASAGLE,US_organizer,https://www.amazon.com/dp/B0GSVFSJ51
US,B0GXXLRDV2,"Ortho Tick B-gon Tick Killer Ready-to-Spray - Outdoor Tick Spray, Kills Ticks, Cat and Dog Fleas, and Mosquitoes - 32 fl. oz.","Patio, Lawn & Garden > Pest Control",15.46,3000,4.6,119,1,False,13.91,2.09,6.31,2.09,0.42,0.85,2.16,1.19,35.0,-1.85,-1.34,,3.48,,10957.0,2026-04-21,SKIP,high,+ продажи ≈3000/мес; + Buy Box не у Amazon; + конкуренция умеренная (1 офферов); − экономика не сходится (закупка ≤$0.00 при марже 20%),https://www.alibaba.com/trade/search?SearchText=tick%20gon%20killer%20ready%20spray,keepa,0.103,1080,Ortho,US_garden,https://www.amazon.com/dp/B0GXXLRDV2
US,B0GMTGMY66,HAMITOR Shower Caddy Tension Pole: 4-Tier Adjustable Corner Bathroom Organizer - Heavy Duty Rustproof L-Shaped Shelves- No Drilling Space-Saving Storage Rack for Family & Renters- 47-123 inch Black,Home & Kitchen > Bath,29.99,2000,4.3,55,1,False,26.99,4.05,8.46,4.05,0.81,0.85,8.77,3.12,35.0,-0.81,0.19,,6.75,,10931.0,2026-02-11,SKIP,high,+ продажи ≈2000/мес; + Buy Box не у Amazon; + конкуренция умеренная (1 офферов); − экономика не сходится (закупка ≤$0.19 при марже 20%),https://www.alibaba.com/trade/search?SearchText=shower%20caddy%20tension%20pole%20tier,keepa,0.517,2839,HAMITOR,"US_storage,US_organizer",https://www.amazon.com/dp/B0GMTGMY66
US,B0GDFNCVT1,"FULNIX IP65 Shower Lamp Waterproof, 7500mAh Rechargeable Shower Lamp for Inside Shower, 18 Colors Cordless Shower Light, Stepless Dimming LED Table Lamp for Bathroom Bathtub Patio Outdoor",Tools & Home Improvement > Lighting & Ceiling Fans,23.99,2000,4.4,127,1,False,21.59,3.24,5.72,3.24,0.65,0.85,7.9,0.63,35.0,1.38,2.18,2.5,5.4,216.1,10795.0,2026-02-08,WATCH,high,+ продажи ≈2000/мес; + Buy Box не у Amazon; + конкуренция умеренная (1 офферов),https://www.alibaba.com/trade/search?SearchText=shower%20lamp%20waterproof%20mah%20rechargeable,keepa,0.231,572,FULNIX,US_tools_diy,https://www.amazon.com/dp/B0GDFNCVT1
US,B0H1GT9BPY,"3M Double Sided Tape,1in X 9.85ft Heavy Duty Removable Mounting Tape for Wall, White Sticky Foam Tape, Picture Hanging Strips, Waterproof Adhesive Strips for LED Light",Office Products > Office & School Supplies,15.99,3000,4.4,359,1,False,14.39,2.16,3.86,2.16,0.43,0.85,4.93,0.25,35.0,0.8,1.34,1.33,3.6,269.7,10793.0,2026-05-31,SKIP,high,+ продажи ≈3000/мес; + Buy Box не у Amazon; + конкуренция умеренная (1 офферов); − экономика не сходится (закупка ≤$1.34 при марже 20%),https://www.alibaba.com/trade/search?SearchText=double%20sided%20tape%20heavy%20duty,keepa,0.061,91,P7yaumy,US_office,https://www.amazon.com/dp/B0H1GT9BPY
US,B0GJS2M83T,"Percantis 13.8'' Battery Operated Picture Light for Wall, Remote Control",Tools & Home Improvement > Lighting & Ceiling Fans,23.74,2000,4.4,122,1,False,21.37,3.2,5.72,3.2,0.64,0.85,7.75,0.67,35.0,1.29,2.08,2.4,5.34,222.2,10683.0,2026-03-18,WATCH,high,+ продажи ≈2000/мес; + Buy Box не у Amazon; + конкуренция умеренная (1 офферов),https://www.alibaba.com/trade/search?SearchText=battery%20operated%20picture%20light%20wall,keepa,0.233,608,Percantis,US_tools_diy,https://www.amazon.com/dp/B0GJS2M83T
US,B0GGBCJF34,"Solar Lantern Outdoor Waterproof, 2 Pack Bright Hanging Solar Lights for Outside Decorative, Upgraded Solar Powered Lanterns LED Lighting for Garden Patio Porch Decor Gifts (Warm Light)",Tools & Home Improvement > Lighting & Ceiling Fans,21.99,2000,4.5,146,1,False,19.79,2.97,7.3,2.97,0.59,0.85,5.11,0.75,35.0,-0.43,0.3,,4.95,,10390.0,2026-03-12,SKIP,high,+ продажи ≈2000/мес; + Buy Box не у Amazon; + конкуренция умеренная (1 офферов); − экономика не сходится (закупка ≤$0.30 при марже 20%),https://www.alibaba.com/trade/search?SearchText=solar%20lantern%20outdoor%20waterproof%20bright,keepa,0.087,680,BONLION,US_tools_diy,https://www.amazon.com/dp/B0GGBCJF34
US,B0GL169KHR,"OOOLED 60FT Solar String Lights Outdoor Waterproof with Remote,Shatterproof ST38 20 LED Bulbs,2700K Dimmable Solar Lights Outdoor,Outside Hanging Lights for Patio,Garden,Camping,Deck,Backyard Decor",Tools & Home Improvement > Lighting & Ceiling Fans,16.99,3000,4.1,159,1,False,15.29,2.29,7.41,2.29,0.46,0.85,1.98,1.15,35.0,-2.22,-1.65,,3.82,,10321.0,2026-02-02,SKIP,high,+ продажи ≈3000/мес; + Buy Box не у Amazon; + конкуренция умеренная (1 офферов); − экономика не сходится (закупка ≤$0.00 при марже 20%),https://www.alibaba.com/trade/search?SearchText=solar%20string%20lights%20outdoor%20waterproof,keepa,0.574,1048,OOOLED,US_tools_diy,https://www.amazon.com/dp/B0GL169KHR
US,B0GXF6VCZ8,"12-Sheet Cross Cut Paper Shredder, 5.55 Gallon Heavy Duty Shredder for Home Office, P-4 High Security Shredders for Paper/Credit Card/Mail/Staples/Clips, Portable Handle Design",Office Products > Office Electronics,48.26,1000,4.6,138,1,False,43.43,6.52,12.93,6.52,1.3,0.85,15.32,6.59,35.0,-1.58,0.03,,10.86,,10261.0,2026-04-16,SKIP,high,+ продажи ≈1000/мес; + Buy Box не у Amazon; + конкуренция умеренная (1 офферов); − экономика не сходится (закупка ≤$0.03 при марже 20%); − тяжёлый товар 6.0 кг,https://www.alibaba.com/trade/search?SearchText=sheet%20cross%20cut%20paper%20shredder,keepa,0.103,5992,Locksworth,US_office,https://www.amazon.com/dp/B0GXF6VCZ8
US,B0GPSS6RQ7,"IRIS USA 4-Pack High-Capacity Clip Box with Latching Lids, 55 Quart Storage Bins, Supply Containers for Home, Office & Classroom Organization",Home & Kitchen > Storage & Organization,49.99,1000,4.3,668,2,False,44.99,6.75,30.73,6.75,1.35,0.85,-1.44,6.74,35.0,-14.38,-12.72,,11.25,,10123.0,2026-02-23,SKIP,high,+ продажи ≈1000/мес; + Buy Box не у Amazon; + конкуренция умеренная (2 офферов); − экономика не сходится (закупка ≤$0.00 при марже 20%); − тяжёлый товар 6.1 кг,https://www.alibaba.com/trade/search?SearchText=high%20capacity%20clip%20box%20latching,keepa,0.266,6123,IRIS USA,US_storage,https://www.amazon.com/dp/B0GPSS6RQ7
US,B0GMHM2Z36,"Solar Lights Outdoor(4 Pack,32 LEDs),Solar Lights Outdoor Waterproof for Garden Decor,4 Modes Firefly Light for Outdoor Decor,Big Bulb High Lumens Patio Decor,Sway by Wind,Gardening Gifts for Women",Tools & Home Improvement > Lighting & Ceiling Fans,22.99,2000,4.6,133,2,False,20.69,1.66,5.72,3.1,0.62,0.85,8.74,0.63,35.0,2.18,2.94,3.57,5.17,145.0,9776.0,2026-02-09,WATCH,high,+ продажи ≈2000/мес; + Buy Box не у Amazon; + конкуренция умеренная (2 офферов),https://www.alibaba.com/trade/search?SearchText=solar%20lights%20outdoor%20leds%20waterproof,keepa,0.598,572,Uzexfio,US_tools_diy,https://www.amazon.com/dp/B0GMHM2Z36
US,B0GWMQMVZ5,"Go Ho 4th of July Porch Goose Outfit, American Flag Patriotic Clothes for 23 Inch Porch Goose Statue, Summer Sculpture Clothes for 250th Anniversary USA Outdoor Lawn Garden Patio Decoration","Patio, Lawn & Garden > Outdoor Décor",15.99,3000,4.7,47,1,False,14.39,2.16,4.28,2.16,0.43,0.85,4.51,0.25,35.0,0.49,1.03,0.91,3.6,393.5,9714.0,2026-04-09,SKIP,high,+ продажи ≈3000/мес; + Buy Box не у Amazon; + конкуренция умеренная (1 офферов); − экономика не сходится (закупка ≤$1.03 при марже 20%),https://www.alibaba.com/trade/search?SearchText=july%20porch%20goose%20outfit%20american,keepa,0.575,41,Go Ho,US_garden,https://www.amazon.com/dp/B0GWMQMVZ5
US,B0GNJFPMVG,Sunflowers 2026 (Book of 20) Flowers First-Class Mail Forever Postage Stamps,Office Products > Office & School Supplies,23.95,2000,4.9,82,15,False,21.55,3.23,3.44,3.23,0.65,0.85,10.15,0.25,35.0,3.34,4.14,4.76,5.39,113.1,9619.0,2026-02-14,BUY,high,+ продажи ≈2000/мес; + вход при закупке ≤$3.34 даёт маржу 25%; + Buy Box не у Amazon; + конкуренция умеренная (15 офферов),https://www.alibaba.com/trade/search?SearchText=sunflowers%20book%20flowers%20first%20class,keepa,0.212,9,United States Postal Service,US_office,https://www.amazon.com/dp/B0GNJFPMVG
US,B0GP96NF3S,"Paper Mate Clearpoint Mechanical Pencils, Color Block Edition, HB #2 Lead (0.7mm), 12 Count - Back to School, Fun Office Supplies",Office Products > Office & School Supplies,20.3,2000,4.8,81,2,False,18.27,2.74,4.09,2.74,0.55,0.85,7.3,0.25,35.0,1.84,2.52,2.73,4.57,167.1,9592.0,2026-04-01,WATCH,high,+ продажи ≈2000/мес; + Buy Box не у Amazon; + конкуренция умеренная (2 офферов),https://www.alibaba.com/trade/search?SearchText=clearpoint%20mechanical%20pencils%20color%20block,keepa,0.17,191,Paper Mate,US_office,https://www.amazon.com/dp/B0GP96NF3S
US,B0H3N5SBWG,"ARSTPEOE Under Sink Organizer - 2 Packs Multi-Purpose Pull-Out Storage Organizers, Slide out Pull out Cabinet Organizer Shelf, Storage for Kitchen Bathroom",Home & Kitchen > Kitchen & Dining,25.99,2000,4.4,125,2,False,23.39,3.51,8.7,3.51,0.7,0.85,6.12,3.15,35.0,-2.13,-1.26,,5.85,,9473.0,2026-06-03,SKIP,high,+ продажи ≈2000/мес; + Buy Box не у Amazon; + конкуренция умеренная (2 офферов); − волатильность цены 0.887; − экономика не сходится (закупка ≤$0.00 при марже 20%),https://www.alibaba.com/trade/search?SearchText=under%20sink%20organizer%20packs%20multi,keepa,0.887,2862,ARSTPEOE,"US_storage,US_organizer",https://www.amazon.com/dp/B0H3N5SBWG
US,B0GZTT7QPP,HAMITOR Shower Caddy Tension Pole: 4-Tier Corner Rustproof Bathroom Organizer with Soap Holder - No-Drill Adjustable Shower Shelf for Renters - Small Space Storage Rack for Apartment - 47-123 Inch,Home & Kitchen > Bath,42.98,1000,4.5,114,2,False,38.68,5.8,8.46,5.8,1.16,0.85,16.61,3.21,35.0,2.76,4.19,6.94,9.67,139.4,9139.0,2026-05-07,WATCH,high,+ продажи ≈1000/мес; + Buy Box не у Amazon; + конкуренция умеренная (2 офферов),https://www.alibaba.com/trade/search?SearchText=shower%20caddy%20tension%20pole%20tier,keepa,0.272,2921,HAMITOR,US_organizer,https://www.amazon.com/dp/B0GZTT7QPP
US,B0H151Z4HN,"13"" Laminator Machine, A3 9-in-1 Hot & Cold Laminating Machine",Office Products > Office Electronics,49.99,1000,4.2,7,1,False,44.99,2.7,7.71,6.75,1.35,0.85,25.63,2.25,35.0,8.99,10.66,14.39,11.25,78.2,9111.0,2026-05-09,BUY,medium,+ продажи ≈1000/мес; + вход при закупке ≤$8.99 даёт маржу 25%; + Buy Box не у Amazon; + конкуренция умеренная (1 офферов); − волатильность цены 1.333,https://www.alibaba.com/trade/search?SearchText=laminator%20machine%20hot%20cold%20laminating,keepa,1.333,2041,Chilino,US_office,https://www.amazon.com/dp/B0H151Z4HN
US,B0GWQGKL69,"Asteraty Inflatable Seat Cushion with Press-to-Inflate Design, Airplane Seat Cushion for Long Flights, Travel Cushion for Sciatica Pain Relief, Portable Cushion for Car, Office & Airplane",Office Products > Office Furniture & Lighting,44.97,1000,4.7,42,2,False,40.47,3.24,5.76,6.07,1.21,0.85,23.34,0.48,35.0,9.44,10.93,13.22,10.12,76.5,9106.0,2026-04-10,BUY,high,+ продажи ≈1000/мес; + вход при закупке ≤$9.44 даёт маржу 25%; + Buy Box не у Amazon; + конкуренция умеренная (2 офферов); − волатильность цены 0.677,https://www.alibaba.com/trade/search?SearchText=inflatable%20seat%20cushion%20press%20inflate,keepa,0.677,440,Asteraty,US_office,https://www.amazon.com/dp/B0GWQGKL69
US,B0H45Q4PWM,"Seat Cushion, Office Chair Cushions for Tailbone Relief, Seat Cushions for Office Chair with L-Shaped Ergonomic Design & Adjustable Strap, Memory Foam Chair Cushion for Long Sitting Worker(Black Gray)",Office Products > Office Furniture & Lighting,39.99,1000,4.4,50,1,False,35.99,5.4,6.31,5.4,1.08,0.85,16.95,1.13,35.0,5.05,6.39,7.96,9.0,113.1,8998.0,2026-06-05,BUY,high,+ продажи ≈1000/мес; + вход при закупке ≤$5.05 даёт маржу 25%; + Buy Box не у Amazon; + конкуренция умеренная (1 офферов),https://www.alibaba.com/trade/search?SearchText=seat%20cushion%20office%20chair%20cushions,keepa,0.0,1030,SSPATIOS,US_office,https://www.amazon.com/dp/B0H45Q4PWM
US,B0GCJ8DFFJ,"SUNEE 2026-2027 Wall Calendar Large 22.75""x15.5"", 21 Month July Calendar (Ends March 2028), Vertical Extra Large, Cute",Office Products > Office & School Supplies,19.99,2000,4.6,2895,1,False,17.99,2.7,5.61,2.7,0.54,0.85,5.59,0.7,35.0,0.29,0.96,1.1,4.5,410.3,8501.0,2026-04-21,SKIP,high,+ продажи ≈2000/мес; + Buy Box не у Amazon; + конкуренция умеренная (1 офферов); − экономика не сходится (закупка ≤$0.96 при марже 20%),https://www.alibaba.com/trade/search?SearchText=wall%20calendar%20month%20july%20ends,keepa,0.558,640,SUNEE,US_office,https://www.amazon.com/dp/B0GCJ8DFFJ
US,B0GSQHMM3P,Skoiuc 50ft-LED-Lights-Outdoor-Waterproof-String Lights-Patio-Outside-Porch-Backyard-Garden-Gazebo-Yard-Deck-Balcony-Party-Camping-House-Hanging-Lighting-Bulb-Remote-Bluetooth-Hanging-Edison-ST38,Tools & Home Improvement > Lighting & Ceiling Fans,19.99,2000,4.7,102,1,False,17.99,2.7,6.02,2.7,0.54,0.85,5.18,0.76,35.0,-0.05,0.61,,4.5,,8501.0,2026-03-16,SKIP,high,+ продажи ≈2000/мес; + Buy Box не у Amazon; + конкуренция умеренная (1 офферов); − волатильность цены 0.651; − экономика не сходится (закупка ≤$0.61 при марже 20%),https://www.alibaba.com/trade/search?SearchText=led%20lights%20outdoor%20waterproof%20string,keepa,0.651,689,Skoiuc,US_tools_diy,https://www.amazon.com/dp/B0GSQHMM3P
US,B0GVYQFPKF,"DUMOS Armless Home Office Chair: Small Desk Chair with Low Back Lumbar Support, Height Adjustable PU Leather Computer Task with 360° Swivel Wheels, for Adults, Pink",Office Products > Office Furniture & Lighting,39.96,1000,4.7,383,1,False,35.96,5.39,18.6,5.39,1.08,0.85,4.65,10.17,35.0,-10.75,-9.42,,8.99,,8496.0,2026-04-03,SKIP,high,+ продажи ≈1000/мес; + Buy Box не у Amazon; + конкуренция умеренная (1 офферов); − экономика не сходится (закупка ≤$0.00 при марже 20%); − тяжёлый товар 9.2 кг,https://www.alibaba.com/trade/search?SearchText=armless%20home%20office%20chair%20desk,keepa,0.332,9249,DUMOS,US_office,https://www.amazon.com/dp/B0GVYQFPKF
US,B0GVM9PZQ3,"1 Pack Replacement VF4000 Filter for Ridgid Shop Vac Filter 5-20 Gallon, Standard H13 HEAP Wet/Dry Rigid Shop Vac Filters Compatible with Husky 6-9 Gallon Vacs & Craftsman Vacs",Tools & Home Improvement > Power & Hand Tools,17.69,2000,4.6,96,1,False,15.92,2.39,6.9,2.39,0.48,0.85,2.92,0.37,35.0,-1.06,-0.47,,3.98,,8359.0,2026-03-30,SKIP,high,+ продажи ≈2000/мес; + Buy Box не у Amazon; + конкуренция умеренная (1 офферов); − экономика не сходится (закупка ≤$0.00 при марже 20%),https://www.alibaba.com/trade/search?SearchText=replacement%20filter%20ridgid%20shop%20vac,keepa,0.198,340,GIBTOOL,US_tools_diy,https://www.amazon.com/dp/B0GVM9PZQ3
US,B0GZ6JXRS1,"Hobonichi Techo 2026 Cousin Avec Book – A5, Japanese, Daily, 6-month only, July Start, Monday Start, Planner",Office Products > Office & School Supplies,36.9,1000,5.0,17,4,False,33.21,4.98,3.75,4.98,1.0,0.85,17.65,0.3,35.0,6.7,7.93,9.35,8.3,88.8,8302.0,2026-05-01,BUY,medium,+ продажи ≈1000/мес; + вход при закупке ≤$6.70 даёт маржу 25%; + Buy Box не у Amazon; + конкуренция умеренная (4 офферов),https://www.alibaba.com/trade/search?SearchText=hobonichi%20techo%20cousin%20avec%20book,keepa,0.003,272,ほぼ日,US_office,https://www.amazon.com/dp/B0GZ6JXRS1
US,B0GXK6NZY4,"AOAORGG Heavy Duty Metal Garage Shelving Unit, 71.2"" H x 35.4"" W x 16"" D, 5-Tier Adjustable Storage Shelves for Garage Storage, Standing Shelf Unit & Shelves Organizer for Home, Warehouse, Workshop",Home & Kitchen > Storage & Organization,42.49,1000,4.6,75,1,False,38.24,5.74,22.14,5.74,1.15,0.85,2.63,14.97,35.0,-16.22,-14.8,,9.56,,8131.0,2026-04-17,SKIP,high,+ продажи ≈1000/мес; + Buy Box не у Amazon; + конкуренция умеренная (1 офферов); − экономика не сходится (закупка ≤$0.00 при марже 20%); − тяжёлый товар 13.6 кг,https://www.alibaba.com/trade/search?SearchText=heavy%20duty%20metal%20garage%20shelving,keepa,0.5,13608,AOAORGG,US_organizer,https://www.amazon.com/dp/B0GXK6NZY4
US,B0GL2LY5QD,"Stud Finder Wall Scanner - 5 in 1 Stud Finder Tool w/Smart Chip and HD LCD Display, Stud Detector Beam Finders for the Center and Edge of Wood AC Wire Metal Studs Joist Pipe (Grayish)",Tools & Home Improvement > Measuring & Layout Tools,19.99,2000,4.3,9664,2,False,17.99,2.7,4.09,2.7,0.54,0.85,7.11,0.25,35.0,1.75,2.42,2.62,4.5,171.9,8096.0,2026-02-02,WATCH,high,+ продажи ≈2000/мес; + Buy Box не у Amazon; + конкуренция умеренная (2 офферов); − волатильность цены 0.702,https://www.alibaba.com/trade/search?SearchText=stud%20finder%20wall%20scanner%20tool,keepa,0.702,231,JAXWQ,US_tools_diy,https://www.amazon.com/dp/B0GL2LY5QD
US,B0GMXMRX4S,"ROOMFAVE 5 Tier Garage Shelving Heavy Duty,2200LBS Adjustable Storage Shelves Metal Utility Rack,Garage Storage Shelves,Black, 35.5"" L x 16"" W x 72"" H for Basement, Warehouse, Commercial, Pantry",Home & Kitchen > Storage & Organization,39.98,1000,4.2,73,1,False,35.98,5.4,201.77,5.4,1.08,0.85,-178.51,14.3,35.0,-149.49,-148.15,,9.0,,8096.0,2026-02-11,SKIP,high,+ продажи ≈1000/мес; + Buy Box не у Amazon; + конкуренция умеренная (1 офферов); − экономика не сходится (закупка ≤$0.00 при марже 20%); − тяжёлый товар 13.0 кг,https://www.alibaba.com/trade/search?SearchText=tier%20garage%20shelving%20heavy%20duty,keepa,0.229,13000,ROOMFAVE,US_storage,https://www.amazon.com/dp/B0GMXMRX4S
US,B0GSQNTX5G,"YASONIC Corner Shower Caddy Tension Pole, 25.7-109.1in Adjustable Shower Shelves, Rust-Resistant Shower Organizer, No-Drill 3-Step Installation, Bathroom Shelves for Renters & Family, Black",Home & Kitchen > Bath,39.97,1000,4.8,44,1,False,35.97,5.4,8.29,5.4,1.08,0.85,14.96,3.08,35.0,2.14,3.47,5.97,8.99,150.7,8094.0,2026-03-16,WATCH,high,+ продажи ≈1000/мес; + Buy Box не у Amazon; + конкуренция умеренная (1 офферов),https://www.alibaba.com/trade/search?SearchText=corner%20shower%20caddy%20tension%20pole,keepa,0.228,2799,YASONIC,US_organizer,https://www.amazon.com/dp/B0GSQNTX5G
US,B0GSWHQ65L,"Flour Sugar Storage Containers, 10 Pack Large Airtight Food Storage Containers with Lids for Kitchen Pantry Organization and Storage, BPA Free Plastic Canisters Sets for Cereal, Rice and Baking",Home & Kitchen > Kitchen & Dining,37.99,1000,4.6,60,1,False,34.19,5.13,9.53,5.13,1.03,0.85,12.53,3.56,35.0,0.31,1.58,3.98,8.55,214.8,8078.0,2026-04-30,WATCH,high,+ продажи ≈1000/мес; + Buy Box не у Amazon; + конкуренция умеренная (1 офферов); − тяжёлый товар 3.2 кг,https://www.alibaba.com/trade/search?SearchText=flour%20sugar%20storage%20containers%20airtight,keepa,0.154,3239,HKJ Chef,US_storage,https://www.amazon.com/dp/B0GSWHQ65L
US,B0GWCH6Z4Z,"Goovilla Rolling Cart with Drawers, Utility Cart Organizer With 8 Removable Drawers and Wooden Tabletop, Lockable Rolling Storage Organizer for Art, Classroom, Home, Dorm, Office, Craft Storage, White",Office Products > Office Furniture & Lighting,41.98,1000,4.4,31,1,False,37.78,5.67,10.77,5.67,1.13,0.85,13.69,6.82,35.0,-1.91,-0.51,,9.45,,7651.0,2026-04-07,SKIP,high,+ продажи ≈1000/мес; + Buy Box не у Amazon; + конкуренция умеренная (1 офферов); − экономика не сходится (закупка ≤$0.00 при марже 20%); − тяжёлый товар 6.2 кг,https://www.alibaba.com/trade/search?SearchText=rolling%20cart%20drawers%20utility%20organizer,keepa,0.505,6201,Goovilla,US_office,https://www.amazon.com/dp/B0GWCH6Z4Z
US,B0GSZT1YFM,"15 Pack Vacuum Storage Bags for Travel with Rechargeable Cordless Pump, Space Saver Bags for Clothes, Compression Packing Bags for Luggage and Suitcase,Blue",Home & Kitchen > Storage & Organization,33.99,1000,4.3,32,1,False,30.59,3.37,7.01,4.59,0.92,0.85,13.86,1.32,35.0,3.62,4.75,6.21,7.65,123.1,7648.0,2026-03-18,BUY,high,+ продажи ≈1000/мес; + вход при закупке ≤$3.62 даёт маржу 25%; + Buy Box не у Amazon; + конкуренция умеренная (1 офферов),https://www.alibaba.com/trade/search?SearchText=vacuum%20storage%20bags%20travel%20rechargeable,keepa,0.386,1202,lezecur,US_storage,https://www.amazon.com/dp/B0GSZT1YFM
US,B0GHBTCG79,"Stowsia Drawer Organizer, 16 Pack Baby Dresser Organizer for Nursery, Foldable Closet Organizers and Storage Dresser Dividers for Clothes, Socks, Scarves, Ties (Beige)",Home & Kitchen > Storage & Organization,34.99,1000,4.8,35,1,False,31.49,4.72,7.3,4.72,0.94,0.85,12.95,1.51,35.0,2.64,3.81,5.08,7.87,155.1,7085.0,2026-03-20,WATCH,high,+ продажи ≈1000/мес; + Buy Box не у Amazon; + конкуренция умеренная (1 офферов),https://www.alibaba.com/trade/search?SearchText=drawer%20organizer%20baby%20dresser%20nursery,keepa,0.429,1370,Stowsia,US_organizer,https://www.amazon.com/dp/B0GHBTCG79
US,B0GXJF9R4M,"Vacuum Storage Bags for Travel with Rechargeable Pump, Carry on Size Compression Packing Cubes for Luggage and Suitcase, Space Saver Vacuum Seal Bags for Clothing and Clothes, 16 Combo, 4 Travel Sizes",Home & Kitchen > Storage & Organization,34.51,1000,4.4,5647,3,False,31.06,4.66,7.01,4.66,0.93,0.85,12.95,0.25,35.0,3.66,4.81,5.18,7.76,149.8,6988.0,2026-04-27,BUY,high,+ продажи ≈1000/мес; + вход при закупке ≤$3.66 даёт маржу 25%; + Buy Box не у Amazon; + конкуренция умеренная (3 офферов),https://www.alibaba.com/trade/search?SearchText=vacuum%20storage%20bags%20travel%20rechargeable,keepa,0.496,9,WANALIT,US_storage,https://www.amazon.com/dp/B0GXJF9R4M
US,B0G6FKH8Z6,"Budding Joy Under Bed Storage with Wheels 2Pack, 80L- Height Adjustable Underbed Containers with Clear Lids, Rolling Under Bed Shoe Storage Organizer for Dorm Home Clothes, Blankets, Toys, Black",Home & Kitchen > Storage & Organization,32.04,1000,4.6,106,1,False,28.84,4.33,8.39,4.33,0.87,0.85,10.08,3.52,35.0,-0.48,0.59,,7.21,,6813.0,2026-03-09,SKIP,high,+ продажи ≈1000/мес; + Buy Box не у Amazon; + конкуренция умеренная (1 офферов); − экономика не сходится (закупка ≤$0.59 при марже 20%); − тяжёлый товар 3.2 кг,https://www.alibaba.com/trade/search?SearchText=under%20bed%20storage%20wheels%20height,keepa,0.312,3198,Budding Joy,"US_storage,US_organizer",https://www.amazon.com/dp/B0G6FKH8Z6
US,B0GX14VVY8,"CHOUINKR Remanufactured Ink Cartridges for Epson 232XL Ink Cartridge Combo Pack 232 XL with Expression Home XP-4200 XP-4205 WF-2930 WF-2950 (2 Black Cyan Magenta Yellow, 5 Pack)",Office Products > Office Electronics,29.99,1000,4.3,292,1,False,26.99,4.05,3.66,4.05,0.81,0.85,13.57,0.25,35.0,4.87,5.87,6.83,6.75,98.9,6748.0,2026-04-13,BUY,high,+ продажи ≈1000/мес; + вход при закупке ≤$4.87 даёт маржу 25%; + Buy Box не у Amazon; + конкуренция умеренная (1 офферов),https://www.alibaba.com/trade/search?SearchText=remanufactured%20ink%20cartridges%20epson%20cartridge,keepa,0.286,200,CHOUINKR,US_office,https://www.amazon.com/dp/B0GX14VVY8
US,B0GRTP69C1,"Sweetcrispy Twin Size 18 Inch Platform Bed Frame, Heavy Duty Metal Foundation Frame, Noise-Free Sturdy Steel Slats, Underbed Storage, No Box Spring Needed, Quick Setup",Home & Kitchen > Furniture,34.99,1000,4.5,2084,1,False,31.49,4.72,21.48,4.72,0.94,0.85,-1.23,12.81,35.0,-16.23,-15.07,,7.87,,6696.0,2026-03-09,SKIP,high,+ продажи ≈1000/мес; + Buy Box не у Amazon; + конкуренция умеренная (1 офферов); − волатильность цены 0.953; − экономика не сходится (закупка ≤$0.00 при марже 20%); − тяжёлый товар 11.6 кг,https://www.alibaba.com/trade/search?SearchText=twin%20size%20platform%20bed%20frame,keepa,0.953,11648,Sweetcrispy,US_storage,https://www.amazon.com/dp/B0GRTP69C1
US,B0GPT7DTXQ,"IRIS USA 6-Pack Clip Box with Latching Lids, 13 Quart Craft Storage Bins, Art & Writing Supply Containers for Home, Office & Classroom Organization",Home & Kitchen > Storage & Organization,33.05,1000,4.4,26129,2,False,29.74,4.46,15.29,4.46,0.89,0.85,3.79,3.41,35.0,-5.23,-4.12,,7.44,,6693.0,2026-02-23,SKIP,high,+ продажи ≈1000/мес; + Buy Box не у Amazon; + конкуренция умеренная (2 офферов); − экономика не сходится (закупка ≤$0.00 при марже 20%); − тяжёлый товар 3.1 кг,https://www.alibaba.com/trade/search?SearchText=clip%20box%20latching%20lids%20quart,keepa,0.159,3098,IRIS USA,US_storage,https://www.amazon.com/dp/B0GPT7DTXQ
US,B0H1WJ2MT9,"OLIXIS 5 Drawer Dresser for Bedroom, Closet Chest Organizer Furniture, TV Stand for Living Room Hallway, Wide Fabric Storage Tower with Wooden Top and Metal Frame, Black",Home & Kitchen > Furniture,32.97,1000,4.1,2761,1,False,29.67,4.45,21.32,4.45,0.89,0.85,-2.29,11.77,35.0,-15.91,-14.81,,7.42,,6676.0,2026-05-15,SKIP,high,+ продажи ≈1000/мес; + Buy Box не у Amazon; + конкуренция умеренная (1 офферов); − экономика не сходится (закупка ≤$0.00 при марже 20%); − тяжёлый товар 10.7 кг,https://www.alibaba.com/trade/search?SearchText=drawer%20dresser%20bedroom%20closet%20chest,keepa,0.192,10700,OLIXIS,US_organizer,https://www.amazon.com/dp/B0H1WJ2MT9
US,B0GH6S55NG,50 PCS Food Storage Containers with Lids (25 Containers & 25 Lids) - Reusable Plastic Food Containers for Kitchen Storage and Organization BPA-Free Leakproof Meal Prep Container with Labels & Pen,Home & Kitchen > Kitchen & Dining,27.99,1000,4.5,266,1,False,25.19,3.78,8.04,3.78,0.76,0.85,7.99,2.17,35.0,-0.35,0.58,,6.3,,6613.0,2026-04-02,SKIP,high,+ продажи ≈1000/мес; + Buy Box не у Amazon; + конкуренция умеренная (1 офферов); − экономика не сходится (закупка ≤$0.58 при марже 20%),https://www.alibaba.com/trade/search?SearchText=food%20storage%20containers%20lids%20reusable,keepa,0.338,1969,TOPCHASE,US_storage,https://www.amazon.com/dp/B0GH6S55NG
US,B0GSZWL7LV,"Vacuum Storage Bags for Travel with Cordless Pump, Space Saver Bags for Clothes, Compression Packing Bags for Luggage, 9 Combo Size",Home & Kitchen > Storage & Organization,27.98,1000,4.5,468,2,False,25.18,2.77,6.13,3.78,0.76,0.85,10.9,0.9,35.0,2.74,3.67,4.6,6.3,136.7,6610.0,2026-03-18,WATCH,high,+ продажи ≈1000/мес; + Buy Box не у Amazon; + конкуренция умеренная (2 офферов),https://www.alibaba.com/trade/search?SearchText=vacuum%20storage%20bags%20travel%20cordless,keepa,0.237,821,lezecur,US_storage,https://www.amazon.com/dp/B0GSZWL7LV
US,B0GWD17CBH,"SONQI AI Translation Earbuds: 170 Languages & 0.45s Instant Real-Time Translator, Smart AI Headphones with Meeting Notes & Transcription, Bluetooth 6.0 & ENC, Audífonos Traductores",Office Products > Office Electronics,30.99,1000,4.7,79,2,False,27.89,2.23,4.2,4.18,0.84,0.85,15.59,0.25,35.0,6.2,7.23,8.62,6.97,80.9,6589.0,2026-04-07,BUY,high,+ продажи ≈1000/мес; + вход при закупке ≤$6.20 даёт маржу 25%; + Buy Box не у Amazon; + конкуренция умеренная (2 офферов),https://www.alibaba.com/trade/search?SearchText=translation%20earbuds%20languages%20instant%20real,keepa,0.439,132,SONQI,US_office,https://www.amazon.com/dp/B0GWD17CBH
US,B0GXF9S477,"Locksworth 8-Sheet Paper Shredder, 4.23 Gallon Cross Cut Shredder for Home Office, P-4 High Security Shredders for Credit Card Staple Clip, Portable Handle Design",Office Products > Office Electronics,30.75,1000,4.6,143,1,False,27.68,4.15,9.62,4.15,0.83,0.85,8.07,4.64,35.0,-2.58,-1.56,,6.92,,6538.0,2026-04-16,SKIP,high,+ продажи ≈1000/мес; + Buy Box не у Amazon; + конкуренция умеренная (1 офферов); − экономика не сходится (закупка ≤$0.00 при марже 20%); − тяжёлый товар 4.2 кг,https://www.alibaba.com/trade/search?SearchText=sheet%20paper%20shredder%20gallon%20cross,keepa,0.117,4218,Locksworth,US_office,https://www.amazon.com/dp/B0GXF9S477
US,B0GXKRZDVY,"Anti-Theft Ring Doorbell Mount for 2026 Newest Ring Battery/Other Doorbell/Plus/Pro (2nd Gen), No-Drill Camera Doorbell Kits, Non-Blocking Motion Sensor, Accessories for Apartment & Rental, Black",Tools & Home Improvement > Electrical,15.99,2000,4.4,256,1,False,14.39,2.16,4.35,2.16,0.43,0.85,4.44,0.3,35.0,0.4,0.94,0.84,3.6,426.2,6476.0,2026-04-17,SKIP,high,+ продажи ≈2000/мес; + Buy Box не у Amazon; + конкуренция умеренная (1 офферов); − экономика не сходится (закупка ≤$0.94 при марже 20%),https://www.alibaba.com/trade/search?SearchText=anti%20theft%20ring%20doorbell%20mount,keepa,0.451,272,Dukoyb,US_tools_diy,https://www.amazon.com/dp/B0GXKRZDVY
US,B0GQZKC1VN,"Nicetree 18-Pack Vacuum Storage Bags with Rechargeable Cordless Pump | 3 Sizes (20"", 24"", 28"") Travel Vacuum Seal Bags for Clothing, Bedding & Seasonal Storage | Space Saver for Luggage",Home & Kitchen > Storage & Organization,28.48,1000,4.4,725,1,False,25.63,3.84,7.01,3.84,0.77,0.85,9.31,1.34,35.0,1.16,2.11,2.91,6.41,220.6,6408.0,2026-03-03,WATCH,high,+ продажи ≈1000/мес; + Buy Box не у Amazon; + конкуренция умеренная (1 офферов),https://www.alibaba.com/trade/search?SearchText=vacuum%20storage%20bags%20rechargeable%20cordless,keepa,0.272,1220,Nicetree,US_storage,https://www.amazon.com/dp/B0GQZKC1VN
US,B0GQ3SQ9TJ,"SUNALLY Slim Storage Cart with Pull-Out Baskets, 5-Tier Rolling Kitchen Cart with Wooden Top & Lockable Wheels, Narrow Space Utility Cart Organizer for Kitchen, Bathroom, Laundry Room, Black",Home & Kitchen > Furniture,34.99,1000,4.3,56,1,False,31.49,4.72,9.2,4.72,0.94,0.85,11.05,4.43,35.0,-0.93,0.24,,7.87,,6377.0,2026-02-25,SKIP,high,+ продажи ≈1000/мес; + Buy Box не у Amazon; + конкуренция умеренная (1 офферов); − экономика не сходится (закупка ≤$0.24 при марже 20%); − тяжёлый товар 4.0 кг,https://www.alibaba.com/trade/search?SearchText=slim%20storage%20cart%20pull%20out,keepa,0.541,4028,SUNALLY,"US_storage,US_organizer",https://www.amazon.com/dp/B0GQ3SQ9TJ
US,B0GTNY7XXS,"TYPONOS PM240 Label Maker Machine with 3 Tapes, 2"" Portable Thermal Label Printer, Bluetooth Address Label Maker with Multiple Templates for Small Business, Home, School, Safety Label Makers, Set 1",Office Products > Office Electronics,29.99,1000,4.7,131,3,False,26.99,1.62,5.33,4.05,0.81,0.85,14.33,0.54,35.0,5.22,6.22,7.59,6.75,89.0,6377.0,2026-03-24,BUY,high,+ продажи ≈1000/мес; + вход при закупке ≤$5.22 даёт маржу 25%; + Buy Box не у Amazon; + конкуренция умеренная (3 офферов),https://www.alibaba.com/trade/search?SearchText=label%20maker%20machine%20tapes%20portable,keepa,0.42,490,TYPONOS,US_office,https://www.amazon.com/dp/B0GTNY7XXS
US,B0GYF9MS1T,"HOMESURE Supports 200lbs Heavy Duty Moving Bags - Strong Zipper & Wrap-Around Handles - Water-Resistant Storage Totes, Durable Alternative to Moving Boxes - 8 Pack - Blue",Home & Kitchen > Storage & Organization,29.99,1000,4.8,6938,1,False,26.99,4.05,7.63,4.05,0.81,0.85,9.6,2.09,35.0,0.57,1.57,2.86,6.75,236.2,6377.0,2026-04-24,WATCH,high,+ продажи ≈1000/мес; + Buy Box не у Amazon; + конкуренция умеренная (1 офферов),https://www.alibaba.com/trade/search?SearchText=supports%20lbs%20heavy%20duty%20moving,keepa,0.479,1901,HOMESURE,US_storage,https://www.amazon.com/dp/B0GYF9MS1T
US,B0GWQMRGNS,"6-Sheet Shredder for Home Office, 3.43 Gallon Cross Cut Shredder, P-4 High Security Paper Shredders for Credit Card Staple Clip, Portable Handle Design",Office Products > Office Electronics,29.98,1000,4.6,143,1,False,26.98,4.05,8.95,4.05,0.81,0.85,8.28,3.85,35.0,-1.72,-0.72,,6.75,,6374.0,2026-04-10,SKIP,high,+ продажи ≈1000/мес; + Buy Box не у Amazon; + конкуренция умеренная (1 офферов); − экономика не сходится (закупка ≤$0.00 при марже 20%); − тяжёлый товар 3.5 кг,https://www.alibaba.com/trade/search?SearchText=sheet%20shredder%20home%20office%20gallon,keepa,0.133,3502,Locksworth,US_office,https://www.amazon.com/dp/B0GWQMRGNS
US,B0GNDDDH1H,"VASAGLE CUSTOS Collection - Shoe Rack for Closet, Stackable Shoe Organizer Shelf for Entryway, 2 Tiers, 11.7 x 32.3 x 14.2 Inches, White ULBS060WZ01S",Home & Kitchen > Storage & Organization,29.88,1000,4.6,91,1,False,26.89,4.03,15.68,4.03,0.81,0.85,1.49,7.78,35.0,-9.64,-8.65,,6.72,,6353.0,2026-02-13,SKIP,high,+ продажи ≈1000/мес; + Buy Box не у Amazon; + конкуренция умеренная (1 офферов); − экономика не сходится (закупка ≤$0.00 при марже 20%); − тяжёлый товар 7.1 кг,https://www.alibaba.com/trade/search?SearchText=custos%20collection%20shoe%20rack%20closet,keepa,0.201,7076,VASAGLE,US_organizer,https://www.amazon.com/dp/B0GNDDDH1H
US,B0GR4GNR5F,"Stowsia Storage Cubes 8 Pack, 11 Inch Fabric Storage Cubes Organizer Bins with Labels, Odor-Free & Sturdy PP Structure, Cubby Baskets for Closet, Shelves, Toys & Nursery (Beige)",Home & Kitchen > Storage & Organization,33.32,900,4.5,37,1,False,29.99,4.5,7.88,4.5,0.9,0.85,11.36,2.44,35.0,1.05,2.16,3.86,7.5,194.0,6073.0,2026-05-03,WATCH,high,+ продажи ≈900/мес; + Buy Box не у Amazon; + конкуренция умеренная (1 офферов),https://www.alibaba.com/trade/search?SearchText=storage%20cubes%20fabric%20organizer%20bins,keepa,0.33,2220,Stowsia,US_organizer,https://www.amazon.com/dp/B0GR4GNR5F
US,B0GR8NSKVZ,"Ai Translation Earbuds Real Time,3-in-1 Buletooth 5.3 Translator Earbuds with 6 Translation Modes/164 Languages,No Subscription Required Translatior Headphones,40H Audifonos Traductores Inglés Español",Office Products > Office Electronics,29.99,1000,4.3,6676,2,False,26.99,2.16,3.97,4.05,0.81,0.85,15.15,0.25,35.0,6.04,7.04,8.41,6.75,80.3,6073.0,2026-03-05,BUY,high,+ продажи ≈1000/мес; + вход при закупке ≤$6.04 даёт маржу 25%; + Buy Box не у Amazon; + конкуренция умеренная (2 офферов); − волатильность цены 2.681,https://www.alibaba.com/trade/search?SearchText=translation%20earbuds%20real%20time%20buletooth,keepa,2.681,109,Csasan,US_office,https://www.amazon.com/dp/B0GR8NSKVZ
US,B0GF1X5N79,"StorageWorks 2 Pack Shoe Organizer for Closet, Foldable Shoe Storage Box with Adjustable Dividers, Fabric Shoes Container, Stackable Storage Bins for Boots, Sneakers, Fits up to 16-32 Pairs, Beige",Home & Kitchen > Storage & Organization,36.99,800,4.4,2640,1,False,33.29,4.99,8.79,4.99,1.0,0.85,12.66,3.8,35.0,0.4,1.64,4.34,8.32,191.7,5992.0,2026-02-23,WATCH,high,+ продажи ≈800/мес; + Buy Box не у Amazon; + конкуренция умеренная (1 офферов); − тяжёлый товар 3.5 кг,https://www.alibaba.com/trade/search?SearchText=shoe%20organizer%20closet%20foldable%20storage,keepa,0.148,3452,StorageWorks,US_organizer,https://www.amazon.com/dp/B0GF1X5N79
US,B0GSVJJ361,"YASONIC 3-Tier Metal Rolling Cart, Sturdy Storage Utility Carts with Wheels, Multifunction Craft Art Organizer for Bedroom, Laundry, Garage, Office, Nursery, Bathroom, Easy Assembly (White)",Office Products > Office Furniture & Lighting,27.99,1000,4.8,55,1,False,25.19,3.78,8.21,3.78,0.76,0.85,7.82,2.94,35.0,-1.05,-0.12,,6.3,,5951.0,2026-03-17,SKIP,high,+ продажи ≈1000/мес; + Buy Box не у Amazon; + конкуренция умеренная (1 офферов); − экономика не сходится (закупка ≤$0.00 при марже 20%),https://www.alibaba.com/trade/search?SearchText=tier%20metal%20rolling%20cart%20sturdy,keepa,0.241,2672,YASONIC,US_office,https://www.amazon.com/dp/B0GSVJJ361
US,B0G4LP5L7Z,"GuassLee Large Wall Calendar 2026-2027, 22""x15"" Vertical Wall Calendar 2026, Jun. 2026 to Dec. 2027, 19-Month Paper Hanging Planner Wall with Julian Date for Office Home Planning & Organizing",Office Products > Office & School Supplies,13.85,2000,4.7,423,1,False,12.46,1.87,6.9,1.87,0.37,0.85,0.6,0.55,35.0,-2.27,-1.81,,3.12,,5890.0,2026-02-10,SKIP,high,+ продажи ≈2000/мес; + Buy Box не у Amazon; + конкуренция умеренная (1 офферов); − экономика не сходится (закупка ≤$0.00 при марже 20%),https://www.alibaba.com/trade/search?SearchText=wall%20calendar%20vertical%20jun%20dec,keepa,0.578,499,GuassLee,US_office,https://www.amazon.com/dp/B0G4LP5L7Z
US,B0GZWJW7J1,HAMITOR Shower Caddy Tension Pole: 4-Tier Corner Rustproof Bathroom Organizer - No-Drill Adjustable Shower Shelf for Renters - Floor to Ceiling Family Apartment Storage Rack - 47-121 Inch Silver Gray,Home & Kitchen > Bath,29.98,1000,4.6,182,1,False,26.98,4.05,8.06,4.05,0.81,0.85,9.17,3.02,35.0,-0.45,0.55,,6.75,,5737.0,2026-05-07,SKIP,high,+ продажи ≈1000/мес; + Buy Box не у Amazon; + конкуренция умеренная (1 офферов); − экономика не сходится (закупка ≤$0.55 при марже 20%),https://www.alibaba.com/trade/search?SearchText=shower%20caddy%20tension%20pole%20tier,keepa,0.5,2749,HAMITOR,US_organizer,https://www.amazon.com/dp/B0GZWJW7J1
US,B0GKG85DS5,"DAYSEON Heavy Duty Moving Bags Extra Large, Premium Storage Bags with Durable Zippers, Reinforced Handles, Moving Supplies for Clothes, Bedding, College Dorm Essentials, 8 Pack Blue",Home & Kitchen > Storage & Organization,29.99,1000,4.3,48,1,False,26.99,4.05,7.79,4.05,0.81,0.85,9.44,2.37,35.0,0.24,1.24,2.7,6.75,250.3,5466.0,2026-04-29,SKIP,high,+ продажи ≈1000/мес; + Buy Box не у Amazon; + конкуренция умеренная (1 офферов); − экономика не сходится (закупка ≤$1.24 при марже 20%),https://www.alibaba.com/trade/search?SearchText=heavy%20duty%20moving%20bags%20extra,keepa,0.514,2159,DAYSEON,US_storage,https://www.amazon.com/dp/B0GKG85DS5
US,B0GMR27XYD,"SONGMICS BELLAH Collection - Dressers for Bedroom, Chest of Drawers, Nightstands, 2 Drawers, Storage Organizer Unit, Closet, Entryway, Set of 2, Modern, Ink Black and Ebony Black ULGS112BH02S",Home & Kitchen > Furniture,36.99,800,4.3,1066,1,False,33.29,4.99,17.26,4.99,1.0,0.85,4.19,9.58,35.0,-10.15,-8.92,,8.32,,5393.0,2026-02-11,SKIP,high,+ продажи ≈800/мес; + Buy Box не у Amazon; + конкуренция умеренная (1 офферов); − экономика не сходится (закупка ≤$0.00 при марже 20%); − тяжёлый товар 8.7 кг,https://www.alibaba.com/trade/search?SearchText=bellah%20collection%20dressers%20bedroom%20chest,keepa,0.422,8709,SONGMICS,US_organizer,https://www.amazon.com/dp/B0GMR27XYD
US,B0GYFJQBWM,"HOMESURE Supports 200lbs Heavy Duty Moving Bags - Strong Zipper & Wrap-Around Handles - Water-Resistant Storage Totes, Durable Alternative to Moving Boxes - 4 Pack - Semi-Transparent",Home & Kitchen > Storage & Organization,21.92,1000,4.8,6938,1,False,19.73,2.96,6.01,2.96,0.59,0.85,6.36,1.04,35.0,0.28,1.01,1.43,4.93,345.9,5179.0,2026-04-24,SKIP,high,+ продажи ≈1000/мес; + Buy Box не у Amazon; + конкуренция умеренная (1 офферов); − экономика не сходится (закупка ≤$1.01 при марже 20%),https://www.alibaba.com/trade/search?SearchText=supports%20lbs%20heavy%20duty%20moving,keepa,0.146,948,HOMESURE,US_storage,https://www.amazon.com/dp/B0GYFJQBWM
US,B0H3N5VDSC,"EUDELE 5-Pack Rustproof Stainless Steel Shower Caddy – No Drill Adhesive Bathroom Organizer with Large Capacity, Spacious Shower Shelves for Inside Shower, Kitchen & Home Decor Storage-XL Size",Home & Kitchen > Bath,26.98,900,4.5,47825,1,False,24.28,3.64,6.31,3.64,0.73,0.85,9.11,1.18,35.0,1.38,2.28,3.04,6.07,199.8,5163.0,2026-06-02,WATCH,high,+ продажи ≈900/мес; + Buy Box не у Amazon; + конкуренция умеренная (1 офферов),https://www.alibaba.com/trade/search?SearchText=rustproof%20stainless%20steel%20shower%20caddy,keepa,0.404,1070,EUDELE,US_organizer,https://www.amazon.com/dp/B0H3N5VDSC
US,B0G4RG38GK,"VASAGLE Shoe Rack, Shoe Storage Rack for Closet, Entryway, Living Room, Free Standing Metal Organizer Shelf, 4 Tiers, 11.8 x 29.5 x 27.2 Inches, for 12–16 Pairs, Rustic Brown and Ink Black ULBS049KD01",Home & Kitchen > Storage & Organization,29.84,800,4.7,706,1,False,26.86,4.03,10.11,4.03,0.81,0.85,7.03,5.8,35.0,-4.06,-3.06,,6.71,,5076.0,2026-04-01,SKIP,high,+ продажи ≈800/мес; + Buy Box не у Amazon; + конкуренция умеренная (1 офферов); − экономика не сходится (закупка ≤$0.00 при марже 20%); − тяжёлый товар 5.3 кг,https://www.alibaba.com/trade/search?SearchText=shoe%20rack%20storage%20closet%20entryway,keepa,0.213,5270,VASAGLE,US_organizer,https://www.amazon.com/dp/B0G4RG38GK
UK,B0GWMS4LM7,"Office Premium A4 Multipurpose Printer Copier Paper – 2500 Sheets (5 x 500), White BOX, Compatible Printing Paper for Laser, Inkjet, Copy & Fax, Printer Paper A4 White, Printer Paper for Home & Office",Stationery & Office Supplies > Office Paper Products,22.07,1000,4.9,27,1,False,19.86,2.98,3.65,2.98,0.6,0.65,9.01,0.25,4.0,3.65,4.6,4.04,4.97,122.9,4965.0,2026-04-08,BUY,medium,+ продажи ≈1000/мес; + вход при закупке ≤$3.65 даёт маржу 25%; + Buy Box не у Amazon; + конкуренция умеренная (1 офферов),https://www.alibaba.com/trade/search?SearchText=office%20premium%20multipurpose%20printer%20copier,estimate,0.029,-1,Value Plus,UK_office,https://www.amazon.co.uk/dp/B0GWMS4LM7
US,B0G4LZGHD1,"WooOrganix Coffee Station Organizer for Countertop – Wooden Coffee Bar Organizer with Adjustable Dividers,Holds K Cup Pod & syrup bottles, for Kitchen, Office, or Bar and Tea Station, Black",Home & Kitchen > Kitchen & Dining,20.86,1000,4.6,95,1,False,18.77,2.82,6.18,2.82,0.56,0.85,5.55,1.21,35.0,-0.26,0.43,,4.69,,4928.0,2026-03-23,SKIP,high,+ продажи ≈1000/мес; + Buy Box не у Amazon; + конкуренция умеренная (1 офферов); − экономика не сходится (закупка ≤$0.43 при марже 20%),https://www.alibaba.com/trade/search?SearchText=coffee%20station%20organizer%20countertop%20wooden,keepa,0.159,1102,WooOrganix,US_organizer,https://www.amazon.com/dp/B0G4LZGHD1
US,B0GCN94V6L,"SweetSlubr Large Donut Pillow Seat Cushion for Hemorrhoid Discomfort&Tailbone Pressure, Office Chair Cushion for Long Sitting, Ergonomic Coccyx Pillow for Postpartum Pregnancy, Lifting Cushions, Black",Office Products > Office Furniture & Lighting,23.99,1000,4.4,83,1,False,21.59,3.24,6.31,3.24,0.65,0.85,7.31,0.89,35.0,0.75,1.55,1.91,5.4,282.9,4858.0,2026-02-25,WATCH,high,+ продажи ≈1000/мес; + Buy Box не у Amazon; + конкуренция умеренная (1 офферов); − волатильность цены 0.889,https://www.alibaba.com/trade/search?SearchText=donut%20pillow%20seat%20cushion%20hemorrhoid,keepa,0.889,812,SweetSlubr,US_office,https://www.amazon.com/dp/B0GCN94V6L
US,B0GPVXF82H,"TushGuard Ergonomic Donut Pillow Seat Cushion with Raised Rear Support, Large Memory Foam Lifting Cushions for Tailbone, Hemorrhoids & Sciatica Relief, Office Chair, Car, Travel, Postpartum, Black",Office Products > Office Furniture & Lighting,23.98,1000,4.5,46,1,False,21.58,3.24,6.31,3.24,0.65,0.85,7.3,0.67,35.0,0.92,1.71,1.9,5.4,283.3,4856.0,2026-02-26,WATCH,high,+ продажи ≈1000/мес; + Buy Box не у Amazon; + конкуренция умеренная (1 офферов),https://www.alibaba.com/trade/search?SearchText=ergonomic%20donut%20pillow%20seat%20cushion,keepa,0.501,608,TushGuard,US_office,https://www.amazon.com/dp/B0GPVXF82H
UK,B0FTGCJ4SF,Casio fx-85GTCW+ Scientific Calculator Green (UK Version) - Upgrade from previous fx-85GTCW model,Stationery & Office Supplies > Office Electronics,20.43,1000,4.8,80,11,False,18.39,2.76,2.85,2.76,0.55,0.65,8.82,0.25,4.0,3.82,4.7,4.22,4.6,108.9,4826.0,2026-02-01,BUY,high,+ продажи ≈1000/мес; + вход при закупке ≤$3.82 даёт маржу 25%; + Buy Box не у Amazon; + конкуренция умеренная (11 офферов),https://www.alibaba.com/trade/search?SearchText=gtcw%20scientific%20calculator%20version%20upgrade,keepa,0.191,150,Casio,UK_office,https://www.amazon.co.uk/dp/B0FTGCJ4SF
US,B0DRZPMC35,"Amazon Basics 6-Speed Electric Hand Mixer with Turbo and Stainless Steel Whisk, Snap-On Storage Case, 250 Watts, Black",Home & Kitchen > Kitchen & Dining,19.99,1000,4.6,69,1,False,17.99,2.7,6.9,2.7,0.54,0.85,4.3,1.41,35.0,-1.19,-0.52,,4.5,,4723.0,2026-04-07,SKIP,high,"+ продажи ≈1000/мес; + Buy Box не у Amazon; + конкуренция умеренная (1 офферов); − экономика не сходится (закупка ≤$0.00 при марже 20%); − известный бренд — листинг = референс ниши, продаём PL-аналог",https://www.alibaba.com/trade/search?SearchText=speed%20electric%20hand%20mixer%20turbo,keepa,0.311,1280,Amazon Basics,US_storage,https://www.amazon.com/dp/B0DRZPMC35
US,B0FZTVRZ22,"120 Pcs Binder Dividers with Multicolor Tabs, 1/6 Cut Tabs, Dividers for 3 Ring Binder, Blank Write On Binder Dividers in 6 Tab Sets, Letter Size, 120 Dividers, 20 Sets",Office Products > Office & School Supplies,20.99,1000,4.5,30,1,False,18.89,2.08,7.38,2.83,0.57,0.85,5.18,1.68,35.0,-0.91,-0.21,,4.72,,4723.0,2026-04-10,SKIP,high,+ продажи ≈1000/мес; + Buy Box не у Amazon; + конкуренция умеренная (1 офферов); − экономика не сходится (закупка ≤$0.00 при марже 20%),https://www.alibaba.com/trade/search?SearchText=binder%20dividers%20multicolor%20tabs%20cut,keepa,0.276,1530,YesBes,US_office,https://www.amazon.com/dp/B0FZTVRZ22
US,B0GS5RLQJM,"Taja (100 Counts) Permanent Markers, Fine Tip, Black, Quick-Drying and Fade-Resistant Bulk Marker Set for Writing and Sketching on Wood, Plastic, Metal, Glass, Perfect for School and Office Supplies",Office Products > Office & School Supplies,19.99,1000,4.7,301,1,False,17.99,2.7,6.13,2.7,0.54,0.85,5.07,1.1,35.0,-0.39,0.28,,4.5,,4723.0,2026-03-11,SKIP,high,+ продажи ≈1000/мес; + Buy Box не у Amazon; + конкуренция умеренная (1 офферов); − экономика не сходится (закупка ≤$0.28 при марже 20%),https://www.alibaba.com/trade/search?SearchText=counts%20permanent%20markers%20fine%20tip,keepa,0.304,998,Taja,US_office,https://www.amazon.com/dp/B0GS5RLQJM
US,B0GVJPH65K,"CIRCLE JOY Rechargeable Handheld Milk Frother Wand with Stand, 3 Variable Speeds, 3 Whisks and Storage Box, Electric Drink Mixer for Latte, Cappuccino, Hot Chocolate, Eggs and Protein Powder, Silver",Home & Kitchen > Kitchen & Dining,19.98,1000,4.6,768,1,False,17.98,2.7,4.87,2.7,0.54,0.85,6.33,0.45,35.0,1.02,1.69,1.83,4.5,245.3,4720.0,2026-03-31,WATCH,high,+ продажи ≈1000/мес; + Buy Box не у Amazon; + конкуренция умеренная (1 офферов),https://www.alibaba.com/trade/search?SearchText=rechargeable%20handheld%20milk%20frother%20wand,keepa,0.384,410,CIRCLE JOY,US_storage,https://www.amazon.com/dp/B0GVJPH65K
UK,B0GQF8YVGF,"Laser Level Self Leveling 4 x 360°, 4D 16 Lines Green Laser Level with 2 x 2400mAh Batteries, Adjustable Tripod, Swivel Base, Remote Control and Wall Bracket, IP54 Waterproof and Dustproof (Green A)","DIY & Tools > Power, Garden & Hand Tools",57.65,400,4.3,87,1,False,51.89,3.63,4.66,7.78,1.56,0.65,33.6,2.26,4.0,17.67,20.16,20.63,12.97,62.9,4670.0,2026-02-27,BUY,high,+ продажи ≈400/мес; + вход при закупке ≤$17.67 даёт маржу 25%; + Buy Box не у Amazon; + конкуренция умеренная (1 офферов),https://www.alibaba.com/trade/search?SearchText=laser%20level%20self%20leveling%20lines,keepa,0.16,2260,OUOAENR,UK_tools_diy,https://www.amazon.co.uk/dp/B0GQF8YVGF
UK,B0H1NDGFD6,"Multi-Purpose A4 Printer Paper, 2500 Sheets, White | for Home, Office & High-Volume Printing",Stationery & Office Supplies > Office Paper Products,20.15,1000,4.7,23,1,False,18.13,2.72,3.65,2.72,0.54,0.65,7.85,0.25,4.0,2.95,3.82,3.32,4.53,136.7,4533.0,2026-05-13,WATCH,medium,+ продажи ≈1000/мес; + Buy Box не у Amazon; + конкуренция умеренная (1 офферов),https://www.alibaba.com/trade/search?SearchText=multi%20purpose%20printer%20paper%20sheets,estimate,0.095,-1,Value Plus,UK_office,https://www.amazon.co.uk/dp/B0H1NDGFD6
US,B0G6YSFP1N,"SONGMICS Over-the-Door Organizer, 9-Compartment Door Hanging Storage Shelf, Foldable Closet Hanging Organizer, Heavy-Duty, Metal Hooks, Transparent, Dove Gray URDH009GD01",Home & Kitchen > Storage & Organization,19.99,1000,4.3,60,1,False,17.99,2.7,7.4,2.7,0.54,0.85,3.8,1.66,35.0,-1.74,-1.08,,4.5,,4498.0,2026-03-31,SKIP,high,+ продажи ≈1000/мес; + Buy Box не у Amazon; + конкуренция умеренная (1 офферов); − экономика не сходится (закупка ≤$0.00 при марже 20%),https://www.alibaba.com/trade/search?SearchText=over%20door%20organizer%20compartment%20hanging,keepa,0.233,1510,SONGMICS,"US_storage,US_organizer",https://www.amazon.com/dp/B0G6YSFP1N
US,B0GL8C57FR,"Dorm Room Essentials for Guys Girls, Mesh Shower Caddy Portable, Large Capacity Toiletry Shower Bag with Hanging Hook for Full-Sized Bottles, Multi-Pocket Organizer for College Gym Camping Travel",Home & Kitchen > Bath,19.99,1000,4.6,32,2,False,17.99,2.7,5.22,2.7,0.54,0.85,5.98,0.36,35.0,0.83,1.5,1.49,4.5,302.6,4498.0,2026-02-10,SKIP,high,+ продажи ≈1000/мес; + Buy Box не у Amazon; + конкуренция умеренная (2 офферов); − экономика не сходится (закупка ≤$1.50 при марже 20%),https://www.alibaba.com/trade/search?SearchText=dorm%20room%20essentials%20guys%20girls,keepa,0.3,331,EaseGave,US_organizer,https://www.amazon.com/dp/B0GL8C57FR
US,B0FXXXV35X,"Bed Risers - Dorm Room Essentials - 3 & 5 Inch Adjustable Furniture Risers or 8 Inch Combined - Heavy Duty for Dorm Decor, Desks, Chairs - Under Bed Storage - Supports Up to 1,300 lbs (8 Pack, Black)",Home & Kitchen > Bedding,18.99,1000,4.6,98,1,False,17.09,2.56,7.79,2.56,0.51,0.85,2.81,2.09,35.0,-2.63,-2.0,,4.27,,4486.0,2026-03-03,SKIP,high,+ продажи ≈1000/мес; + Buy Box не у Amazon; + конкуренция умеренная (1 офферов); − экономика не сходится (закупка ≤$0.00 при марже 20%),https://www.alibaba.com/trade/search?SearchText=bed%20risers%20dorm%20room%20essentials,keepa,0.243,1901,CGK Unlimited,US_storage,https://www.amazon.com/dp/B0FXXXV35X
US,B0GPSLN5QB,"IRIS USA 18 QT Clear Storage Organizer with Removable Dividers, Stackable Plastic Storage Box with Lid, Modular Container for Crafts, Tools, Office & Pantry Organization",Home & Kitchen > Storage & Organization,23.94,800,4.7,41,2,False,21.55,3.23,12.53,3.23,0.65,0.85,1.06,1.46,35.0,-4.29,-3.49,,5.39,,4309.0,2026-02-23,SKIP,high,+ продажи ≈800/мес; + Buy Box не у Amazon; + конкуренция умеренная (2 офферов); − экономика не сходится (закупка ≤$0.00 при марже 20%),https://www.alibaba.com/trade/search?SearchText=clear%20storage%20organizer%20removable%20dividers,keepa,0.229,1329,IRIS USA,US_organizer,https://www.amazon.com/dp/B0GPSLN5QB
US,B0G5PPCZTB,"Budding Joy 60L Under Bed Storage Containers, Storage Bins with Clear Lids, Foldable Closet Organizers for Clothes, Blankets, Shoes, Bed Sheets, Comforter, Wrapping Paper, Home Dorm Storage",Home & Kitchen > Storage & Organization,17.99,1000,4.5,77,1,False,16.19,2.43,6.76,2.43,0.49,0.85,3.24,0.99,35.0,-1.33,-0.73,,4.05,,4250.0,2026-02-09,SKIP,high,+ продажи ≈1000/мес; + Buy Box не у Amazon; + конкуренция умеренная (1 офферов); − экономика не сходится (закупка ≤$0.00 при марже 20%),https://www.alibaba.com/trade/search?SearchText=under%20bed%20storage%20containers%20bins,keepa,0.0,898,Budding Joy,US_storage,https://www.amazon.com/dp/B0G5PPCZTB
US,B0GCHGQNXP,"SUNEE 2026-2027 Wall Calendar Large 22.75""x15.5"", 21 Month July Calendar (Ends March 2028), Vertical Extra Large, White Minimalism",Office Products > Office & School Supplies,19.99,1000,4.6,2895,1,False,17.99,2.7,5.61,2.7,0.54,0.85,5.59,0.74,35.0,0.27,0.93,1.1,4.5,410.3,4250.0,2026-04-08,SKIP,high,+ продажи ≈1000/мес; + Buy Box не у Amazon; + конкуренция умеренная (1 офферов); − экономика не сходится (закупка ≤$0.93 при марже 20%),https://www.alibaba.com/trade/search?SearchText=wall%20calendar%20month%20july%20ends,keepa,0.581,671,SUNEE,US_office,https://www.amazon.com/dp/B0GCHGQNXP
US,B0GJRWDC18,"Yecaye 30 Pairs Over the Door Shoe Organizer, Large Capacity Hanging Shoe Rack for Door Hanger with Deep Pockets, Heavy Duty 10 Tier Shoe Holder for Sneakers Boots Heels College Dorm Essentials, Black",Home & Kitchen > Storage & Organization,22.19,800,4.6,181,1,False,19.97,3.0,7.07,3.0,0.6,0.85,5.46,0.64,35.0,-0.13,0.61,,4.99,,4194.0,2026-04-29,SKIP,high,+ продажи ≈800/мес; + Buy Box не у Amazon; + конкуренция умеренная (1 офферов); − экономика не сходится (закупка ≤$0.61 при марже 20%),https://www.alibaba.com/trade/search?SearchText=pairs%20over%20door%20shoe%20organizer,keepa,0.226,581,Yecaye,US_organizer,https://www.amazon.com/dp/B0GJRWDC18
US,B0GVN3KXVB,"YASONIC Shower Caddy Adhesive, 100% Rustproof Shower Organizer with Soap and Toothbrush Holder, Large Capacity Shower Shelves for Inside Shower, No Drill Shower Storage for Home (5 Pack Black)",Home & Kitchen > Bath,19.24,1000,4.7,2144,1,False,17.32,2.6,5.66,2.6,0.52,0.85,5.09,0.88,35.0,-0.09,0.56,,4.33,,4091.0,2026-04-01,SKIP,high,+ продажи ≈1000/мес; + Buy Box не у Amazon; + конкуренция умеренная (1 офферов); − волатильность цены 0.676; − экономика не сходится (закупка ≤$0.56 при марже 20%),https://www.alibaba.com/trade/search?SearchText=shower%20caddy%20adhesive%20rustproof%20organizer,keepa,0.676,798,YASONIC,US_organizer,https://www.amazon.com/dp/B0GVN3KXVB
US,B0GCF84G7L,"ONAVIA 3 Subject Spiral Notebook, 5 Pack, College Ruled, 8 x 10.5 in, 120 Sheets, 3-Hole Punched with Dividers and Double-Sided Pockets for School, Study, Homework, Assorted Colors",Office Products > Office & School Supplies,19.99,1000,4.6,31,1,False,17.99,2.7,7.96,2.7,0.54,0.85,3.24,2.58,35.0,-2.84,-2.17,,4.5,,4048.0,2026-04-23,SKIP,high,+ продажи ≈1000/мес; + Buy Box не у Amazon; + конкуренция умеренная (1 офферов); − экономика не сходится (закупка ≤$0.00 при марже 20%),https://www.alibaba.com/trade/search?SearchText=subject%20spiral%20notebook%20college%20ruled,keepa,0.2,2341,ONAVIA,US_office,https://www.amazon.com/dp/B0GCF84G7L
UK,B0GXB312V4,"Doorbell Angle Mount for Ring Battery Doorbell/Plus/Pro(new model-2026 Release) & Wired Doorbell/Pro/Plus, 35-55° Adjustable Corner Mounting Bracket, Wedge Kit Left/Right Door Holder for House",DIY & Tools > Safety & Security,17.91,1000,4.9,16,1,False,16.12,2.1,3.15,2.42,0.48,0.65,7.32,0.25,4.0,2.92,3.7,3.29,4.03,122.4,4029.0,2026-05-17,WATCH,medium,+ продажи ≈1000/мес; + Buy Box не у Amazon; + конкуренция умеренная (1 офферов),https://www.alibaba.com/trade/search?SearchText=doorbell%20angle%20mount%20ring%20battery,keepa,0.07,70,Pyfhy,UK_tools_diy,https://www.amazon.co.uk/dp/B0GXB312V4
US,B0GTQPFG9R,"Portable Shower Caddy with Handle, Large Capacity Shower Basket Organizer, Quick-Drain Bathroom Storage Tote, Durable Plastic Shower Organizer for College Dorm, Beach, Gym, Travel Essentials, Pink",Home & Kitchen > Bath,16.99,1000,5.0,53,4,False,15.29,1.22,8.29,2.29,0.46,0.85,2.18,0.75,35.0,-1.77,-1.21,,3.82,,4014.0,2026-03-24,SKIP,high,+ продажи ≈1000/мес; + Buy Box не у Amazon; + конкуренция умеренная (4 офферов); − экономика не сходится (закупка ≤$0.00 при марже 20%),https://www.alibaba.com/trade/search?SearchText=portable%20shower%20caddy%20handle%20capacity,keepa,0.286,680,PQH,US_organizer,https://www.amazon.com/dp/B0GTQPFG9R
UK,B0FZQWBLQS,"Banral Torches High Lumens Rechargeable Torch, Super Bright LED Small Powerful Torch with Memory Function, 6 Modes Pocket Waterproof Flashlight for Camping Hiking","DIY & Tools > Power, Garden & Hand Tools",28.28,600,4.6,68,1,False,25.45,3.82,3.94,3.82,0.76,0.65,12.46,0.43,4.0,5.45,6.67,6.1,6.36,104.3,4008.0,2026-03-11,BUY,high,+ продажи ≈600/мес; + вход при закупке ≤$5.45 даёт маржу 25%; + Buy Box не у Amazon; + конкуренция умеренная (1 офферов),https://www.alibaba.com/trade/search?SearchText=torches%20high%20lumens%20rechargeable%20torch,keepa,0.215,430,Banral,UK_tools_diy,https://www.amazon.co.uk/dp/B0FZQWBLQS
UK,B0GS6XS97H,"EnviroMaxx Carpet Protector Film Roll – Self Adhesive Carpet Protection 60cm x 100m, Heavy Duty Waterproof Sticky Floor Cover for Stairs, Decorating, Moving & Renovation","DIY & Tools > Painting Supplies, Tools & Wall Treatments",39.49,500,4.6,26,2,False,35.54,4.62,6.23,5.33,1.07,0.65,17.64,3.62,4.0,4.94,6.65,8.76,8.88,101.5,3998.0,2026-03-11,BUY,medium,+ продажи ≈500/мес; + вход при закупке ≤$4.94 даёт маржу 25%; + Buy Box не у Amazon; + конкуренция умеренная (2 офферов); − тяжёлый товар 3.6 кг,https://www.alibaba.com/trade/search?SearchText=carpet%20protector%20film%20roll%20self,keepa,0.194,3620,EnviroMaxx,UK_tools_diy,https://www.amazon.co.uk/dp/B0GS6XS97H
UK,B0GSPKCCFW,2X 18V replacement battery for dewalt 18V DCB182 DCB184 DCB200 DCB184 DCB101 DCB107 DCB112 DCB105 DCB115 DCB203 battery for power tools,"DIY & Tools > Power, Garden & Hand Tools",43.26,400,4.1,1128,2,False,38.94,4.28,4.1,5.84,1.17,0.65,22.9,1.19,4.0,11.51,13.38,13.16,9.73,74.0,3894.0,2026-03-16,BUY,high,+ продажи ≈400/мес; + вход при закупке ≤$11.51 даёт маржу 25%; + Buy Box не у Amazon; + конкуренция умеренная (2 офферов),https://www.alibaba.com/trade/search?SearchText=replacement%20battery%20dewalt%20dcb%20power,keepa,0.353,1190,Bonadget,UK_tools_diy,https://www.amazon.co.uk/dp/B0GSPKCCFW
US,B0GWMP2VDX,"YASONIC Shower Caddy Adhesive, 100% Rustproof Shower Organizer with Soap and Toothbrush Holder, Large Capacity Shower Shelves for Inside Shower, No Drill Shower Storage for Home (5 Pack Black)",Home & Kitchen > Bath,19.99,900,4.7,2144,1,False,17.99,2.7,6.13,2.7,0.54,0.85,5.07,1.02,35.0,-0.33,0.34,,4.5,,3825.0,2026-04-09,SKIP,high,+ продажи ≈900/мес; + Buy Box не у Amazon; + конкуренция умеренная (1 офферов); − экономика не сходится (закупка ≤$0.34 при марже 20%),https://www.alibaba.com/trade/search?SearchText=shower%20caddy%20adhesive%20rustproof%20organizer,keepa,0.485,930,YASONIC,US_organizer,https://www.amazon.com/dp/B0GWMP2VDX
US,B0H19X52KL,"Official One Minute With God for Women, One-Minute Daily Devotional Prayers And Reflections Hardcover",Office Products > Office & School Supplies,16.99,1000,4.5,23,1,False,15.29,2.29,4.35,2.29,0.46,0.85,5.04,0.33,35.0,0.66,1.23,1.22,3.82,312.8,3823.0,2026-05-11,SKIP,medium,+ продажи ≈1000/мес; + Buy Box не у Amazon; + конкуренция умеренная (1 офферов); − экономика не сходится (закупка ≤$1.23 при марже 20%),https://www.alibaba.com/trade/search?SearchText=official%20one%20minute%20god%20women,keepa,0.118,299,Generic,US_office,https://www.amazon.com/dp/B0H19X52KL
US,B0GQSWTQV2,"2-Pack Plastic Colander Strainer with Adjustable Vent Lid, Fridge Storage Container and Food Organizer Bin, Multi-use Veggie Tray Fruit Platter for Party",Home & Kitchen > Kitchen & Dining,17.99,900,4.4,57,1,False,16.19,2.43,5.91,2.43,0.49,0.85,4.09,0.7,35.0,-0.49,0.11,,4.05,,3643.0,2026-03-02,SKIP,high,+ продажи ≈900/мес; + Buy Box не у Amazon; + конкуренция умеренная (1 офферов); − экономика не сходится (закупка ≤$0.11 при марже 20%),https://www.alibaba.com/trade/search?SearchText=plastic%20colander%20strainer%20adjustable%20vent,keepa,0.0,640,inomile,US_organizer,https://www.amazon.com/dp/B0GQSWTQV2
US,B0GR9QLB8P,"3M Double Sided Tape 1""×16.5ft No Residue,Picture Hanging Strips Heavy Duty Mounting Tape, Removable PE Foam Tape Waterproof for Poster Tape, Carpet Tape Rug Gripper,Art & Craft Tape",Office Products > Office & School Supplies,15.99,1000,4.4,183,1,False,14.39,2.16,3.86,2.16,0.43,0.85,4.93,0.25,35.0,0.8,1.34,1.33,3.6,269.7,3598.0,2026-04-17,SKIP,high,+ продажи ≈1000/мес; + Buy Box не у Amazon; + конкуренция умеренная (1 офферов); − экономика не сходится (закупка ≤$1.34 при марже 20%),https://www.alibaba.com/trade/search?SearchText=double%20sided%20tape%20residue%20picture,keepa,0.0,55,P7yaumy,US_office,https://www.amazon.com/dp/B0GR9QLB8P
US,B0GT8DGVLD,"Portable Air Pump for Inflatables, 1.56 oz Mini Rechargeable Air Mattress Pump with Camping Light, Inflator and Deflator for Pool Floats, Swim Rings, Sleeping Pads, Vacuum Storage Bags",Home & Kitchen > Bedding,15.99,1000,4.3,52,1,False,14.39,1.73,3.97,2.16,0.43,0.85,5.25,0.25,35.0,1.04,1.57,1.66,3.6,217.3,3598.0,2026-03-20,WATCH,high,+ продажи ≈1000/мес; + Buy Box не у Amazon; + конкуренция умеренная (1 офферов),https://www.alibaba.com/trade/search?SearchText=portable%20air%20pump%20inflatables%20mini,keepa,0.385,91,NIBBaNACAL,US_storage,https://www.amazon.com/dp/B0GT8DGVLD
US,B0GJ3TLZV6,"Wall Calendar 2026, 18 Monthly Calendar 2026-2027 from July 2026 to December 2027, 15 x 12 Inches, Hanging Hook, Twin-Wire Binding, Floral Design Calendar for Easy Organizing",Office Products > Office & School Supplies,15.59,1000,4.9,35,1,False,14.03,2.1,3.81,2.1,0.42,0.85,4.74,0.28,35.0,0.7,1.22,1.23,3.51,284.5,3508.0,2026-04-07,SKIP,high,+ продажи ≈1000/мес; + Buy Box не у Amazon; + конкуренция умеренная (1 офферов); − экономика не сходится (закупка ≤$1.22 при марже 20%),https://www.alibaba.com/trade/search?SearchText=wall%20calendar%20monthly%20from%20july,keepa,0.192,259,Cabbrix,US_office,https://www.amazon.com/dp/B0GJ3TLZV6
US,B0GMTWYPCP,"Genesis Global Logistics Clear Packing Tape, 12 Rolls Heavy Duty Packaging Tape for Shipping Packaging Moving Sealing, Thicker Clear Packing Tape, 1.88 Inches Wide, 60 Yards Per Roll",Office Products > Office & School Supplies,17.17,1000,4.4,96,1,False,15.45,2.32,7.79,2.32,0.46,0.85,1.71,2.32,35.0,-3.31,-2.74,,3.86,,3477.0,2026-02-12,SKIP,high,+ продажи ≈1000/мес; + Buy Box не у Amazon; + конкуренция умеренная (1 офферов); − экономика не сходится (закупка ≤$0.00 при марже 20%),https://www.alibaba.com/trade/search?SearchText=clear%20packing%20tape%20rolls%20heavy,keepa,0.186,2109,Genesis Global Logistics,US_office,https://www.amazon.com/dp/B0GMTWYPCP
US,B0GRV4M348,"KYODOLED 4-Pack Extra Large Moving Bags, Lightweight Blue Storage Totes 24 Gal (27""x13""x15""), Heavy Duty 55lb Capacity PE Packing Bags for College Dorm, Closet Organization & Space Saving",Home & Kitchen > Storage & Organization,15.99,1000,4.8,200,1,False,14.39,2.16,6.02,2.16,0.43,0.85,2.77,0.92,35.0,-1.29,-0.76,,3.6,,3400.0,2026-03-09,SKIP,high,+ продажи ≈1000/мес; + Buy Box не у Amazon; + конкуренция умеренная (1 офферов); − экономика не сходится (закупка ≤$0.00 при марже 20%),https://www.alibaba.com/trade/search?SearchText=extra%20moving%20bags%20lightweight%20storage,keepa,0.439,834,KYODOLED,US_storage,https://www.amazon.com/dp/B0GRV4M348
US,B0GS8P4KLX,"Sekipamu Calendar 2026-2027 Wall Calendar July 2026 to December 2027, 18 Month Calendar 14""x11"" Hanging Calendar for Home Office School",Office Products > Office & School Supplies,14.85,1000,4.7,41,2,False,13.37,2.0,3.91,2.0,0.4,0.85,4.19,0.32,35.0,0.4,0.89,0.85,3.34,391.6,3341.0,2026-04-16,SKIP,high,+ продажи ≈1000/мес; + Buy Box не у Amazon; + конкуренция умеренная (2 офферов); − экономика не сходится (закупка ≤$0.89 при марже 20%),https://www.alibaba.com/trade/search?SearchText=calendar%20wall%20july%20december%20month,keepa,0.269,290,Sekipamu,US_office,https://www.amazon.com/dp/B0GS8P4KLX
US,B0GN95JD21,Cool Toner LC401XL LC401 MFC-J1010DW Ink Cartridges for Brother Printer LC 401 401XL for MFC-J1010DW MFC-J1170DW MFC-J1012DW MFC-J1800DW MFC J1010DW - 4 Pack High Yields Black Cyan Magenta Yellow,Office Products > Office Electronics,15.99,1000,4.4,137,2,False,14.39,2.16,4.09,2.16,0.43,0.85,4.7,0.25,35.0,0.63,1.17,1.1,3.6,325.8,3238.0,2026-02-13,SKIP,high,+ продажи ≈1000/мес; + Buy Box не у Amazon; + конкуренция умеренная (2 офферов); − экономика не сходится (закупка ≤$1.17 при марже 20%),https://www.alibaba.com/trade/search?SearchText=mfc%20ink%20cartridges%20brother%20printer,keepa,0.431,181,Cool Toner,US_office,https://www.amazon.com/dp/B0GN95JD21
US,B0GK5BYQCH,"3 Pack Glass Qtip Holder Dispenser- 10 oz Clear Canister Apothecary Jar, Bathroom Vanity Storage Organizer Set for Cotton Swabs, Pads, Floss Picks, Small Containers for Makeup Storage (Black)",Home & Kitchen > Bath,16.99,800,4.7,31,1,False,15.29,2.29,6.31,2.29,0.46,0.85,3.08,0.61,35.0,-1.0,-0.43,,3.82,,3058.0,2026-04-12,SKIP,high,+ продажи ≈800/мес; + Buy Box не у Amazon; + конкуренция умеренная (1 офферов); − экономика не сходится (закупка ≤$0.00 при марже 20%),https://www.alibaba.com/trade/search?SearchText=glass%20qtip%20holder%20dispenser%20clear,keepa,0.22,553,TIPGO,US_organizer,https://www.amazon.com/dp/B0GK5BYQCH
UK,B0GZ5H4DJ9,"Polycell Polyfilla Multi Purpose Ready Mixed Wall Filler 396g Tube with 3"" Professional Scraper & Flexible Sanding Block — Complete Wall Repair Kit",DIY & Tools > Hardware,17.86,800,5.0,1,1,False,16.07,2.09,3.44,2.41,0.48,0.65,7.0,0.5,4.0,2.39,3.16,2.98,4.02,134.8,2893.0,2026-04-30,WATCH,medium,+ продажи ≈800/мес; + Buy Box не у Amazon; + конкуренция умеренная (1 офферов),https://www.alibaba.com/trade/search?SearchText=polycell%20polyfilla%20multi%20purpose%20ready,keepa,0.449,500,Decex,UK_tools_diy,https://www.amazon.co.uk/dp/B0GZ5H4DJ9
UK,B0GC5FCBWZ,"OLIGHT IMINI 2 Keychain Light 50 Lumens EDC Rechargeable Mini Torch, Magnetic Base Lamp with Integrated USB Plug, High Performance Compact LED Flashlight for Daily Carry (Midnight Blue)","DIY & Tools > Power, Garden & Hand Tools",23.03,500,4.7,435,1,False,20.72,1.66,2.07,3.11,0.62,0.65,12.62,0.25,4.0,6.91,7.91,7.43,5.18,69.7,2720.0,2026-03-20,BUY,high,+ продажи ≈500/мес; + вход при закупке ≤$6.91 даёт маржу 25%; + Buy Box не у Amazon; + конкуренция умеренная (1 офферов),https://www.alibaba.com/trade/search?SearchText=imini%20keychain%20light%20lumens%20edc,keepa,0.334,30,OLIGHT,UK_tools_diy,https://www.amazon.co.uk/dp/B0GC5FCBWZ
UK,B0GJ3N98LD,"Magichome Hard Water Filter Shower Head and Hose 1.5m, 6 Modes High Pressure Filter Shower Head for Residual Chlorine Removal, Ideal for Dry Skin & Hair Care",DIY & Tools > Kitchen & Bath Fixtures,22.89,500,4.4,4703,1,False,20.6,2.68,3.81,3.09,0.62,0.65,9.75,0.58,4.0,3.87,4.86,4.6,5.15,111.9,2575.0,2026-03-21,BUY,high,+ продажи ≈500/мес; + вход при закупке ≤$3.87 даёт маржу 25%; + Buy Box не у Amazon; + конкуренция умеренная (1 офферов),https://www.alibaba.com/trade/search?SearchText=hard%20water%20filter%20shower%20head,keepa,0.33,580,Magichome,UK_tools_diy,https://www.amazon.co.uk/dp/B0GJ3N98LD
UK,B0GV395TLS,"HYCHIKA 800W Jigsaw with Laser Guide - Corded Electric Jig Saw Kit, 6 Variable Speed 800-3000SPM, Max 110mm Cutting Depth in Wood, ±45° Bevel Cut, 6 Blades for Wood Metal Plastic DIY","DIY & Tools > Power, Garden & Hand Tools",35.25,400,4.5,31,1,False,31.73,4.12,4.25,4.76,0.95,0.65,16.99,3.1,4.0,5.73,7.26,9.06,7.93,87.5,2570.0,2026-03-29,BUY,high,+ продажи ≈400/мес; + вход при закупке ≤$5.73 даёт маржу 25%; + Buy Box не у Amazon; + конкуренция умеренная (1 офферов); − волатильность цены 0.602; − тяжёлый товар 3.1 кг,https://www.alibaba.com/trade/search?SearchText=hychika%20jigsaw%20laser%20guide%20corded,keepa,0.602,3100,HYCHIKA BETTER TOOLS FOR BETTER LIFE,UK_tools_diy,https://www.amazon.co.uk/dp/B0GV395TLS
UK,B0G41PX16G,"Moleskine Weekly Planner 2026 2027-18-Month Planner with Space for Notes, Soft Cover and Elastic Closure, Black Color, XL Size 19 x 25 cm","Stationery & Office Supplies > Calendars, Planners & Personal Organisers",34.94,300,4.6,98,4,False,31.45,4.72,3.98,4.72,0.94,0.65,16.44,0.45,4.0,7.82,9.33,8.58,7.86,91.6,2477.0,2026-03-04,BUY,high,+ продажи ≈300/мес; + вход при закупке ≤$7.82 даёт маржу 25%; + Buy Box не у Amazon; + конкуренция умеренная (4 офферов),https://www.alibaba.com/trade/search?SearchText=weekly%20planner%20month%20space%20notes,keepa,0.147,449,Moleskine,UK_office,https://www.amazon.co.uk/dp/B0G41PX16G
UK,B0GJC7NNLC,"Punvorx 32Pcs Titanium & HCS Multi Tool Blades with Japanese-Teeth for Wood Metal Nails Cutting, Quick Release Oscillating Saw Blades Compatible with Milwaukee, Ryobi, Einhell, Dremel, Rockwell","DIY & Tools > Power, Garden & Hand Tools",21.75,500,4.7,37,1,False,19.57,2.94,3.53,2.94,0.59,0.65,8.93,0.73,4.0,3.18,4.12,4.04,4.89,121.1,2447.0,2026-04-25,BUY,high,+ продажи ≈500/мес; + вход при закупке ≤$3.18 даёт маржу 25%; + Buy Box не у Amazon; + конкуренция умеренная (1 офферов),https://www.alibaba.com/trade/search?SearchText=titanium%20hcs%20multi%20tool%20blades,keepa,0.354,730,Punvorx,UK_tools_diy,https://www.amazon.co.uk/dp/B0GJC7NNLC
UK,B0GS144257,FOLAI Stud Finder Wall Scanner - 5 in 1 Stud Detector Detector Beam Finders Wall Detector Sensor Center Finding with LCD Display for Wood AC Wire Metal Studs Cable Joist Detection-TH260B,"DIY & Tools > Power, Garden & Hand Tools",21.24,500,4.1,7979,1,False,19.11,2.48,3.57,2.87,0.57,0.65,8.97,0.25,4.0,3.79,4.71,4.19,4.78,114.1,2389.0,2026-03-16,BUY,high,+ продажи ≈500/мес; + вход при закупке ≤$3.79 даёт маржу 25%; + Buy Box не у Amazon; + конкуренция умеренная (1 офферов),https://www.alibaba.com/trade/search?SearchText=stud%20finder%20wall%20scanner%20detector,keepa,0.241,220,FOLAI,UK_tools_diy,https://www.amazon.co.uk/dp/B0GS144257
UK,B0GX1G9ZQQ,"WENXUKHV 6 Packs fly Screen for Window, Insect Mesh Window Nets1.3m*1.5m, Fliegengitter Fenster,Insektenschutz Fenster,With 6 Rolls Self-Adhesive Tapes,Cleaning Brush, Black",DIY & Tools > Hardware,18.88,600,4.2,17,2,False,16.99,2.21,3.15,2.55,0.51,0.65,7.92,0.33,4.0,3.22,4.03,3.68,4.25,115.5,2294.0,2026-04-13,BUY,medium,+ продажи ≈600/мес; + вход при закупке ≤$3.22 даёт маржу 25%; + Buy Box не у Amazon; + конкуренция умеренная (2 офферов),https://www.alibaba.com/trade/search?SearchText=packs%20fly%20screen%20window%20insect,keepa,0.444,330,WENXUKHV,UK_tools_diy,https://www.amazon.co.uk/dp/B0GX1G9ZQQ
UK,B0GGGHWG27,"OLIGHT Oclip Pro S 600 Lumens 5 Light Sources Clip on Torch, Rechargeable UV Light with Magnetic Base, Mini LED RGB Flashlight for Indoor Use, Hiking, Cycling, Running, and Safety Warning (Black)","DIY & Tools > Power, Garden & Hand Tools",48.63,200,4.8,32,1,False,43.76,6.56,3.66,6.56,1.31,0.65,25.01,0.25,4.0,13.29,15.39,14.07,10.94,77.8,2188.0,2026-03-20,BUY,medium,+ продажи ≈200/мес; + вход при закупке ≤$13.29 даёт маржу 25%; + Buy Box не у Amazon; + конкуренция умеренная (1 офферов),https://www.alibaba.com/trade/search?SearchText=oclip%20pro%20lumens%20light%20sources,keepa,0.105,100,OLIGHT,UK_tools_diy,https://www.amazon.co.uk/dp/B0GGGHWG27
UK,B0GLFQYKPM,"HARDELL Cordless Rotary Tool Kit with 69 Accessories - 5-Speed Mini Power Tool, USB Rechargeable for Drilling, Sanding, Polishing, Engraving (DIY & Crafts)","DIY & Tools > Power, Garden & Hand Tools",31.87,300,4.2,16137,2,False,28.68,3.73,3.94,4.3,0.86,0.65,15.2,0.34,4.0,7.4,8.77,8.03,7.17,89.3,2151.0,2026-02-04,BUY,high,+ продажи ≈300/мес; + вход при закупке ≤$7.40 даёт маржу 25%; + Buy Box не у Amazon; + конкуренция умеренная (2 офферов),https://www.alibaba.com/trade/search?SearchText=cordless%20rotary%20tool%20kit%20accessories,keepa,0.334,340,HARDELL,UK_tools_diy,https://www.amazon.co.uk/dp/B0GLFQYKPM
UK,B0GSXN3P3J,"JENOLITE Directorust Spray Paint Satin Finish | BLACK | 500ml | Direct To Rust Spray Paint For Metal | All-In-One Multi Surface Paint for Metal, Wood, Plastic, Ceramic | RAL 9005","DIY & Tools > Painting Supplies, Tools & Wall Treatments",18.04,500,4.5,4663,1,False,16.23,2.11,3.57,2.43,0.49,0.65,6.98,0.49,4.0,2.34,3.12,2.92,4.06,138.9,2130.0,2026-04-08,WATCH,high,+ продажи ≈500/мес; + Buy Box не у Amazon; + конкуренция умеренная (1 офферов),https://www.alibaba.com/trade/search?SearchText=directorust%20spray%20paint%20satin%20finish,keepa,0.192,490,JENOLITE,UK_tools_diy,https://www.amazon.co.uk/dp/B0GSXN3P3J
UK,B0GH1299W7,"Birthday Card, Happy Birthday card with Music&Light, Hummingbird Oasis,10Inch Forever Flower Bouquet,3D Pop-up Bouquet Birthday Gift Card for Women,Mum,Wife,Daughter",Stationery & Office Supplies > Office Paper Products,17.06,500,4.6,213,1,False,15.36,2.3,3.92,2.3,0.46,0.65,5.72,0.25,4.0,1.57,2.31,1.88,3.84,204.2,2015.0,2026-02-27,WATCH,high,+ продажи ≈500/мес; + Buy Box не у Amazon; + конкуренция умеренная (1 офферов),https://www.alibaba.com/trade/search?SearchText=birthday%20card%20happy%20music%20light,keepa,0.233,140,Yinqing,UK_office,https://www.amazon.co.uk/dp/B0GH1299W7
UK,B0GZZH81SM,Electric Air Pump for Vacuum Bag - MONVANE Portable Vacuum Pump for Space Storage Bags Powerful Compression Pump (Wireless),DIY & Tools > Storage & Home Organisation,17.72,500,4.2,773,1,False,15.94,2.07,3.57,2.39,0.48,0.65,6.78,0.25,4.0,2.45,3.21,2.8,3.99,142.6,1993.0,2026-05-08,WATCH,high,+ продажи ≈500/мес; + Buy Box не у Amazon; + конкуренция умеренная (1 офферов),https://www.alibaba.com/trade/search?SearchText=electric%20air%20pump%20vacuum%20bag,keepa,0.1,120,MONVANE,UK_tools_diy,https://www.amazon.co.uk/dp/B0GZZH81SM
UK,B0GZV3214C,K Smart Sign | Bellissima S1 LED F32 | Square Solar Light House Signs Door Number Plaques With LED Personalised Name Address Sign For Wall With Classic Text (Matt Grey & Silver Mirror),DIY & Tools > Hardware,21.75,400,4.4,15,1,False,19.57,2.94,3.65,2.94,0.59,0.65,8.81,0.25,4.0,3.53,4.47,3.92,4.89,124.8,1957.0,2026-06-01,BUY,medium,+ продажи ≈400/мес; + вход при закупке ≤$3.53 даёт маржу 25%; + Buy Box не у Amazon; + конкуренция умеренная (1 офферов),https://www.alibaba.com/trade/search?SearchText=bellissima%20led%20square%20solar%20light,estimate,0.118,-1,K Smart Sign,UK_tools_diy,https://www.amazon.co.uk/dp/B0GZV3214C
UK,B0GXBX2JFZ,"A4 Box Files Pack of 5 – Premium 75mm Document Storage Boxes, Matt Black Textured Finish, Reinforced Edges, Wipe Clean Durable Cardboard Filing Folders with Ring Pull",Stationery & Office Supplies > Office Supplies,30.71,300,4.1,33,1,False,27.64,4.15,7.41,4.15,0.83,0.65,10.46,3.06,4.0,0.47,1.8,3.55,6.91,194.8,1865.0,2026-04-15,WATCH,high,+ продажи ≈300/мес; + Buy Box не у Amazon; + конкуренция умеренная (1 офферов); − тяжёлый товар 3.1 кг,https://www.alibaba.com/trade/search?SearchText=box%20files%20premium%20document%20storage,keepa,0.167,3060,OfficeHarbour,UK_office,https://www.amazon.co.uk/dp/B0GXBX2JFZ
UK,B0H33HQFW4,"Paekole AI Translation Earbuds Real Time - 198 Language Translator Earbuds, Two-Way Language Translator Device, 6-in-1 Translating Device, Translate Ear Buds for Travel Learning with Charging Case",Stationery & Office Supplies > Office Electronics,43.51,200,4.7,94,2,False,39.16,2.74,3.66,5.87,1.17,0.65,25.06,0.25,4.0,14.44,16.32,15.27,9.79,64.1,1850.0,2026-06-09,BUY,medium,+ продажи ≈200/мес; + вход при закупке ≤$14.44 даёт маржу 25%; + Buy Box не у Amazon; + конкуренция умеренная (2 офферов); − волатильность цены 1.726,https://www.alibaba.com/trade/search?SearchText=translation%20earbuds%20real%20time%20language,keepa,1.726,150,Paekole,UK_office,https://www.amazon.co.uk/dp/B0H33HQFW4
UK,B0GQ3WHZD7,"Hon&Guan 150 mm / 6 Inch Aluminium Foil PVC Ventilation Air Ducting 5m Flexible Vent Hose Pipe for Extractor Fan, Cooker Hood, Hydroponics(ø150mm*5m,Black)",DIY & Tools > Building Supplies,26.87,300,4.2,3646,1,False,24.18,3.14,3.98,3.63,0.73,0.65,12.05,0.8,4.0,5.01,6.17,6.01,6.05,100.6,1814.0,2026-05-10,BUY,high,+ продажи ≈300/мес; + вход при закупке ≤$5.01 даёт маржу 25%; + Buy Box не у Amazon; + конкуренция умеренная (1 офферов),https://www.alibaba.com/trade/search?SearchText=aluminium%20foil%20pvc%20ventilation%20air,keepa,0.095,800,Hon&Guan,UK_tools_diy,https://www.amazon.co.uk/dp/B0GQ3WHZD7
UK,B0GSQTFRRD,"64GB Dual-Mic Voice Activated Recorder - 1536Kbps HD Dual MIC Tape Audio Recording Device with Playback, 4800H Digital Voice Recorder for Conference/Class/Interview",Stationery & Office Supplies > Office Electronics,43.76,200,4.6,49,1,False,39.39,2.76,2.83,5.91,1.18,0.65,26.06,0.25,4.0,15.35,17.24,16.21,9.85,60.7,1772.0,2026-03-16,BUY,medium,+ продажи ≈200/мес; + вход при закупке ≤$15.35 даёт маржу 25%; + Buy Box не у Amazon; + конкуренция умеренная (1 офферов),https://www.alibaba.com/trade/search?SearchText=dual%20mic%20voice%20activated%20recorder,keepa,0.595,100,NekSide,UK_office,https://www.amazon.co.uk/dp/B0GSQTFRRD
UK,B0GV8WDFZM,"Indian Sandstone Sealer I 5 litres I Patio, Natural Stone Sealer, Driveway & Path Sealant I Waterproof & Weatherproof Protection up to 10 Years I Up to 50m² Coverage",DIY & Tools > Hardware,31.99,300,4.3,27,1,False,28.79,3.74,6.82,4.32,0.86,0.65,12.39,6.0,4.0,-0.77,0.61,,7.2,,1749.0,2026-03-28,SKIP,medium,+ продажи ≈300/мес; + Buy Box не у Amazon; + конкуренция умеренная (1 офферов); − экономика не сходится (закупка ≤$0.61 при марже 20%); − тяжёлый товар 6.0 кг,https://www.alibaba.com/trade/search?SearchText=indian%20sandstone%20sealer%20litres%20patio,keepa,0.484,6000,SIRAMICO COATINGS,UK_tools_diy,https://www.amazon.co.uk/dp/B0GV8WDFZM
UK,B0G6MVX62Q,"Torch Rechargeable 2 Pack, Torches Led Super Bright 500000 High Lumens, 5 Modes Zoomable Flashlight with LCD Display, Long Lasting, IPX7 Waterproof, Powerful Tactical Flashlight for Camping, Hiking","DIY & Tools > Power, Garden & Hand Tools",25.57,300,4.6,337,1,False,23.02,1.84,3.28,3.45,0.69,0.65,13.1,0.39,4.0,6.69,7.8,7.35,5.75,78.3,1631.0,2026-03-02,BUY,high,+ продажи ≈300/мес; + вход при закупке ≤$6.69 даёт маржу 25%; + Buy Box не у Amazon; + конкуренция умеренная (1 офферов),https://www.alibaba.com/trade/search?SearchText=torch%20rechargeable%20torches%20led%20super,keepa,0.546,390,OLIARIL,UK_tools_diy,https://www.amazon.co.uk/dp/B0G6MVX62Q
UK,B0GPR6BGS9,"Foxy3DPrints 76 x 51 mm (3"") + 102 x 76 mm (4"") Precision Hinge Jig Router Template for Door and Door Frame","DIY & Tools > Power, Garden & Hand Tools",24.09,300,4.1,67,1,False,21.68,2.82,2.21,3.25,0.65,0.65,12.1,0.25,4.0,6.18,7.22,6.68,5.42,81.1,1626.0,2026-02-23,BUY,high,+ продажи ≈300/мес; + вход при закупке ≤$6.18 даёт маржу 25%; + Buy Box не у Amazon; + конкуренция умеренная (1 офферов),https://www.alibaba.com/trade/search?SearchText=precision%20hinge%20jig%20router%20template,keepa,0.159,100,Foxy3DPrints,UK_tools_diy,https://www.amazon.co.uk/dp/B0GPR6BGS9
UK,B0GS56WL96,"Daddy Gifts, Daddy Birthday Gifts, Best Daddy Gift From Daughter Son, Dad Presents, Daddy-to-be For Thanksgiving, Christmas, Fathers Day, Tape Measure","DIY & Tools > Power, Garden & Hand Tools",17.91,400,4.4,85,1,False,16.12,2.1,3.15,2.42,0.48,0.65,7.32,0.25,4.0,2.92,3.7,3.29,4.03,122.4,1612.0,2026-03-11,WATCH,high,+ продажи ≈400/мес; + Buy Box не у Amazon; + конкуренция умеренная (1 офферов),https://www.alibaba.com/trade/search?SearchText=daddy%20gifts%20birthday%20best%20gift,keepa,0.2,130,Eidolyss,UK_tools_diy,https://www.amazon.co.uk/dp/B0GS56WL96
UK,B0GGZLS2K1,"Birthday Cards, Light and Music Happy Birthday Card, Lily and Butterflies, 10 Inch Life Sized Forever Flower Bouquet 3D Pop Up Birthday Gift Card for Women Wife Mum Daughter Sister",Stationery & Office Supplies > Office Paper Products,16.76,400,4.6,213,1,False,15.08,2.26,2.73,2.26,0.45,0.65,6.72,0.25,4.0,2.6,3.32,2.95,3.77,127.6,1583.0,2026-02-20,WATCH,high,+ продажи ≈400/мес; + Buy Box не у Amazon; + конкуренция умеренная (1 офферов),https://www.alibaba.com/trade/search?SearchText=birthday%20cards%20light%20music%20happy,keepa,0.16,110,Yinqing,UK_office,https://www.amazon.co.uk/dp/B0GGZLS2K1
UK,B0DQVB6V9P,"4 Pack A4 Acrylic Letter Tray – Clear Document Organizer, Sturdy Premium Stackable Filing Organizer Trays for Magazines, Notes, A4 Size File Paper, Transparent Desk Tray",Stationery & Office Supplies > Office Supplies,21.72,300,4.7,96,2,False,19.55,2.93,4.38,2.93,0.59,0.65,8.07,1.91,4.0,1.22,2.16,3.18,4.89,153.7,1540.0,2026-03-24,WATCH,high,+ продажи ≈300/мес; + Buy Box не у Amazon; + конкуренция умеренная (2 офферов),https://www.alibaba.com/trade/search?SearchText=acrylic%20letter%20tray%20clear%20document,keepa,0.164,1910,StowBin,UK_office,https://www.amazon.co.uk/dp/B0DQVB6V9P
UK,B0G6DR44RW,"Lifewit Felt Slatted Bulletin Board with Self-Adhesive, 120 x 90 cm-12 Pack Cork Board Alternative, Pin Board Vision Board Message Board with 30 Pushpins for Office Decor, Room Decor, Oatmeal",Stationery & Office Supplies > Office Supplies,31.99,200,4.7,410,1,False,28.79,3.45,4.53,4.32,0.86,0.65,14.97,1.54,4.0,5.99,7.38,7.77,7.2,92.6,1511.0,2026-03-27,BUY,medium,+ продажи ≈200/мес; + вход при закупке ≤$5.99 даёт маржу 25%; + Buy Box не у Amazon; + конкуренция умеренная (1 офферов),https://www.alibaba.com/trade/search?SearchText=felt%20slatted%20bulletin%20board%20self,keepa,0.263,1542,Lifewit,UK_office,https://www.amazon.co.uk/dp/B0G6DR44RW
UK,B0GRFXXV3T,"Sharpie Permanent Marker Pens Variety Pack | Ultra Fine, Fine & Chisel Tip Markers | Black Ink | 6 Count","Stationery & Office Supplies > Pens, Pencils & Writing Supplies",15.95,400,4.7,41841,1,False,14.35,2.15,2.7,2.15,0.43,0.65,6.27,0.25,4.0,2.34,3.03,2.68,3.59,134.0,1507.0,2026-03-18,WATCH,high,"+ продажи ≈400/мес; + Buy Box не у Amazon; + конкуренция умеренная (1 офферов); − известный бренд — листинг = референс ниши, продаём PL-аналог",https://www.alibaba.com/trade/search?SearchText=permanent%20marker%20pens%20variety%20ultra,keepa,0.157,90,Sharpie,UK_office,https://www.amazon.co.uk/dp/B0GRFXXV3T
UK,B0GSR9VZHQ,"SarMee 5 Pcs Stainless Pointing Trowel Set, 6/8/10/12/15 mm Finger Pointing Tool for DIY Brick Gap Repairs (5)","DIY & Tools > Power, Garden & Hand Tools",16.63,400,4.9,37,1,False,14.96,1.95,3.15,2.24,0.45,0.65,6.53,0.34,4.0,2.35,3.07,2.78,3.74,134.4,1496.0,2026-03-16,WATCH,high,+ продажи ≈400/мес; + Buy Box не у Amazon; + конкуренция умеренная (1 офферов),https://www.alibaba.com/trade/search?SearchText=stainless%20pointing%20trowel%20finger%20tool,keepa,0.0,340,SarMee,UK_tools_diy,https://www.amazon.co.uk/dp/B0GSR9VZHQ
UK,B0FQJ86BZN,"Cabbrix Magnetic Calendar for Refrigerator 2026-2027, 18 Months Magnet Fridge Calendar July 2026 to December 2027, 14-1/5"" x 11-1/5"" Easy Planning, Simplified","Stationery & Office Supplies > Calendars, Planners & Personal Organisers",32.91,200,4.7,144,1,False,29.62,4.44,3.92,4.44,0.89,0.65,15.27,0.32,4.0,7.26,8.68,7.87,7.4,94.1,1399.0,2026-03-06,BUY,medium,+ продажи ≈200/мес; + вход при закупке ≤$7.26 даёт маржу 25%; + Buy Box не у Amazon; + конкуренция умеренная (1 офферов),https://www.alibaba.com/trade/search?SearchText=magnetic%20calendar%20refrigerator%20months%20magnet,keepa,0.457,320,Cabbrix,UK_office,https://www.amazon.co.uk/dp/B0FQJ86BZN
UK,B0GWKVZJDB,"Torch Rechargeable 2 Pack, Torches Led Super Bright High Lumens, 5 Modes Zoomable Flashlight with LCD Digital Display, Powerful Torch for Dog Walking Camping Emergency Gift [Energy Class A+++]","DIY & Tools > Power, Garden & Hand Tools",23.03,300,4.5,34,1,False,20.72,1.66,3.57,3.11,0.62,0.65,11.12,0.35,4.0,5.37,6.37,5.93,5.18,87.3,1399.0,2026-04-08,BUY,high,+ продажи ≈300/мес; + вход при закупке ≤$5.37 даёт маржу 25%; + Buy Box не у Amazon; + конкуренция умеренная (1 офферов); − волатильность цены 0.716,https://www.alibaba.com/trade/search?SearchText=torch%20rechargeable%20torches%20led%20super,keepa,0.716,350,TrixDock,UK_tools_diy,https://www.amazon.co.uk/dp/B0GWKVZJDB
UK,B0GXVP84ZX,Heavy Duty Double Caravan Steps - 150kg Capacity Non Slip 2 Step Stool,Stationery & Office Supplies > Furniture & Lighting,34.5,200,4.7,25,1,False,31.05,4.66,9.16,4.66,0.93,0.65,10.99,4.4,4.0,-1.13,0.37,,7.76,,1397.0,2026-04-24,SKIP,medium,+ продажи ≈200/мес; + Buy Box не у Amazon; + конкуренция умеренная (1 офферов); − экономика не сходится (закупка ≤$0.37 при марже 20%); − тяжёлый товар 4.4 кг,https://www.alibaba.com/trade/search?SearchText=heavy%20duty%20double%20caravan%20steps,keepa,0.148,4400,TIGREZ,UK_office,https://www.amazon.co.uk/dp/B0GXVP84ZX
UK,B0GRH823D7,"Firbon 12"" Guillotine Paper Cutter,Heavy Duty 12-Sheet Capacity Paper Trimmer with Safety Guard and Blade Lock for Cardstock, Photos, Scrapbooking, Office, Classroom, Studio",Stationery & Office Supplies > Office Supplies,30.67,200,4.8,28,1,False,27.6,4.14,4.52,4.14,0.83,0.65,13.32,1.25,4.0,4.97,6.3,6.42,6.9,107.4,1380.0,2026-03-06,BUY,medium,+ продажи ≈200/мес; + вход при закупке ≤$4.97 даёт маржу 25%; + Buy Box не у Amazon; + конкуренция умеренная (1 офферов),https://www.alibaba.com/trade/search?SearchText=guillotine%20paper%20cutter%20heavy%20duty,keepa,0.223,1250,Firbon,UK_office,https://www.amazon.co.uk/dp/B0GRH823D7
UK,B0GQT5Q5H1,"Carbon Monoxide Detector, Battery Powered CO Alarm with LED Digital Display, 85 dB Audible, EN50291 Standard, Mini Portable Carbon Monoxide Alarm for Home and Car Safety (AAA Battery NOT Included)",DIY & Tools > Safety & Security,14.76,400,4.5,42,1,False,13.28,1.73,3.15,1.99,0.4,0.65,5.36,0.25,4.0,1.73,2.36,2.04,3.32,162.4,1328.0,2026-03-02,WATCH,high,+ продажи ≈400/мес; + Buy Box не у Amazon; + конкуренция умеренная (1 офферов),https://www.alibaba.com/trade/search?SearchText=carbon%20monoxide%20detector%20battery%20powered,keepa,0.304,120,HOMELYLIFE,UK_tools_diy,https://www.amazon.co.uk/dp/B0GQT5Q5H1
UK,B0H1F3N3PR,Yop & Tom Wedding Planner Journal - Wedding Organizer Book - Thoughtful Engagement Gift - In My Fiancée Era,"Stationery & Office Supplies > Calendars, Planners & Personal Organisers",28.8,200,4.3,37,2,False,25.92,3.89,2.8,3.89,0.78,0.65,13.92,0.41,4.0,6.76,8.0,7.44,6.48,87.1,1296.0,2026-05-11,BUY,medium,+ продажи ≈200/мес; + вход при закупке ≤$6.76 даёт маржу 25%; + Buy Box не у Amazon; + конкуренция умеренная (2 офферов),https://www.alibaba.com/trade/search?SearchText=wedding%20planner%20journal%20organizer%20book,keepa,0.15,410,Yop & Tom,UK_office,https://www.amazon.co.uk/dp/B0H1F3N3PR
UK,B0GZ6JXRS1,"Hobonichi Techo 2026 Cousin Avec Book – A5, Japanese, Daily, 6-month only, July Start, Monday Start, Planner","Stationery & Office Supplies > Calendars, Planners & Personal Organisers",56.79,100,4.9,15,1,False,51.11,7.67,2.79,7.67,1.53,0.65,30.81,0.27,4.0,17.07,19.53,18.03,12.78,70.9,1278.0,2026-05-01,WATCH,medium,+ вход при закупке ≤$17.07 даёт маржу 25%; + Buy Box не у Amazon; + конкуренция умеренная (1 офферов),https://www.alibaba.com/trade/search?SearchText=hobonichi%20techo%20cousin%20avec%20book,keepa,0.281,272,ほぼ日,UK_office,https://www.amazon.co.uk/dp/B0GZ6JXRS1
UK,B0GCNDNX12,"Rechargeable 6X Magnifying Glass for Reading, Large Bright Full Page Magnifier with Light, Handheld LED Dimmable Lighted, Lightweight Book Magnifying Glass with Light for Seniors Low Vision Reading",Stationery & Office Supplies > Office Supplies,20.48,300,4.4,32,7,False,18.43,1.47,3.28,2.76,0.55,0.65,9.71,0.26,4.0,4.66,5.54,5.1,4.61,90.3,1244.0,2026-05-04,BUY,high,+ продажи ≈300/мес; + вход при закупке ≤$4.66 даёт маржу 25%; + Buy Box не у Amazon; + конкуренция умеренная (7 офферов),https://www.alibaba.com/trade/search?SearchText=rechargeable%20magnifying%20glass%20reading%20bright,keepa,0.589,260,Shelepro,UK_office,https://www.amazon.co.uk/dp/B0GCNDNX12
UK,B0GSKT2DZ4,"Anti-Slip Half Step for Elderly, Portable Stepper Indoor Outdoor Mobility Disability Aid, Door Walking Platform Stool Step Stool Ideal for Doorstep, Bathroom & Toilet | Outdoor & Indoor Door Step Up",Stationery & Office Supplies > Furniture & Lighting,18.1,300,4.8,11,1,False,16.29,2.44,5.39,2.44,0.49,0.65,4.87,1.7,4.0,-0.86,-0.08,,4.07,,1222.0,2026-03-14,SKIP,medium,+ продажи ≈300/мес; + Buy Box не у Amazon; + конкуренция умеренная (1 офферов); − экономика не сходится (закупка ≤$0.00 при марже 20%),https://www.alibaba.com/trade/search?SearchText=anti%20slip%20half%20step%20elderly,keepa,0.158,1700,Easy Shopping,UK_office,https://www.amazon.co.uk/dp/B0GSKT2DZ4
UK,B0GQ5LYY9B,"Cooper Ray, Mini Laser Measure, 68mm/28g Pocket Size Keychain Laser Measurement Tool, Great Gift, ±2mm Accuracy, 30m/100ft Digital Tape Measure, IN/FT/M Units, Metal Body, Backlit Screen, USB-C,","DIY & Tools > Power, Garden & Hand Tools",25.22,200,4.6,61,1,False,22.69,2.95,2.59,3.4,0.68,0.65,12.42,0.25,4.0,6.25,7.34,6.75,5.67,84.1,1191.0,2026-05-28,BUY,medium,+ продажи ≈200/мес; + вход при закупке ≤$6.25 даёт маржу 25%; + Buy Box не у Amazon; + конкуренция умеренная (1 офферов),https://www.alibaba.com/trade/search?SearchText=ray%20mini%20laser%20measure%20pocket,keepa,0.203,59,COOPER,UK_tools_diy,https://www.amazon.co.uk/dp/B0GQ5LYY9B
UK,B0GRR5J3FM,"Data Cable Organizer, Elastic Reusable Silicone Cable Straps Cord Organizer for Bundling and Fastening Earphone, Phone Charger (6 PCS)",DIY & Tools > Electrical,17.25,300,4.2,29,1,False,15.53,2.33,3.65,2.33,0.47,0.65,6.1,0.25,4.0,1.9,2.64,2.22,3.88,174.7,1048.0,2026-03-08,WATCH,medium,+ продажи ≈300/мес; + Buy Box не у Amazon; + конкуренция умеренная (1 офферов); − волатильность цены 1.26,https://www.alibaba.com/trade/search?SearchText=data%20cable%20organizer%20elastic%20reusable,estimate,1.26,-1,Jerpsen,UK_tools_diy,https://www.amazon.co.uk/dp/B0GRR5J3FM
UK,B0GX2VM692,"Gladiator Aluminium Foil Tape 48mm x 45m (3 Pack) | Heavy Duty HVAC Duct Tape | Heat Resistant -30°C to +120°C | Waterproof Seal | Strong Adhesive Metal Tape for Pipes, Insulation & Repairs",DIY & Tools > Hardware,15.35,300,4.6,28,2,False,13.81,1.8,4.45,2.07,0.41,0.65,4.43,1.19,4.0,-0.2,0.46,,3.45,,1036.0,2026-04-13,SKIP,medium,+ продажи ≈300/мес; + Buy Box не у Amazon; + конкуренция умеренная (2 офферов); − экономика не сходится (закупка ≤$0.46 при марже 20%),https://www.alibaba.com/trade/search?SearchText=aluminium%20foil%20tape%20heavy%20duty,keepa,0.167,1190,Gladiator,UK_tools_diy,https://www.amazon.co.uk/dp/B0GX2VM692
UK,B0GJCMXQQK,"Punvorx 142Pcs Multi Tool Blades Metal Wood Nails Cutting with 68MM Titanium Blades, 5 Width HCS Blades, Sandpapers, Hook Knife Blades, Quick Release Compatible with Milwaukee, Ryobi, Dremel, Rockwell","DIY & Tools > Power, Garden & Hand Tools",22.76,200,4.7,30,1,False,20.48,3.07,3.81,3.07,0.61,0.65,9.26,0.75,4.0,3.26,4.25,4.14,5.12,123.6,1024.0,2026-05-09,BUY,medium,+ продажи ≈200/мес; + вход при закупке ≤$3.26 даёт маржу 25%; + Buy Box не у Amazon; + конкуренция умеренная (1 офферов),https://www.alibaba.com/trade/search?SearchText=multi%20tool%20blades%20metal%20wood,keepa,0.25,750,Punvorx,UK_tools_diy,https://www.amazon.co.uk/dp/B0GJCMXQQK
UK,B0GX19T27S,XIMISHOP 36PCS Mini Multicolor Pens，Cute Party Bag Filler Pens in One 4-in-1 Mini Ballpoint Pen for Kids Classroom Prizes Retractable Ballpoint Pen Gifts Party Favors School Supplies,"Stationery & Office Supplies > Pens, Pencils & Writing Supplies",15.04,300,4.9,14,1,False,13.54,2.03,3.53,2.03,0.41,0.65,4.89,0.47,4.0,1.0,1.65,1.51,3.38,224.8,1015.0,2026-04-13,WATCH,medium,+ продажи ≈300/мес; + Buy Box не у Amazon; + конкуренция умеренная (1 офферов),https://www.alibaba.com/trade/search?SearchText=mini%20multicolor%20pens%20cute%20party,keepa,0.255,470,XIMISHOP,UK_office,https://www.amazon.co.uk/dp/B0GX19T27S
UK,B0G8D3TK1M,"XRUNMIX A5 Hardcover Notebook, 8 Pack, Lined, 100gsm Paper, with Inner Pocket, Ribbon Bookmark, Elastic Closure, Assorted Colours, 160 Pages (Black - 4 Packs)",Stationery & Office Supplies > Office Paper Products,20.47,200,4.8,32,1,False,18.42,2.76,3.88,2.76,0.55,0.65,7.81,1.37,4.0,1.77,2.65,3.21,4.61,143.6,921.0,2026-03-16,WATCH,medium,+ продажи ≈200/мес; + Buy Box не у Amazon; + конкуренция умеренная (1 офферов),https://www.alibaba.com/trade/search?SearchText=hardcover%20notebook%20lined%20gsm%20paper,keepa,0.222,1370,XRUNMIX,UK_office,https://www.amazon.co.uk/dp/B0G8D3TK1M
UK,B0GJCX773T,"Birthday Cards, Happy Birthday Card with Music and Lights, Daisy and Butterfly, 3D Pop-up Bouquet Birthday Card, Birthday Decorations Greeting Card for Women,Mum,Wife,Daughter",Stationery & Office Supplies > Office Paper Products,17.91,200,4.6,205,1,False,16.12,2.42,3.9,2.42,0.48,0.65,6.25,0.25,4.0,1.89,2.67,2.22,4.03,181.6,846.0,2026-03-02,WATCH,medium,+ продажи ≈200/мес; + Buy Box не у Amazon; + конкуренция умеренная (1 офферов),https://www.alibaba.com/trade/search?SearchText=birthday%20cards%20happy%20card%20music,keepa,0.186,130,Yinqing,UK_office,https://www.amazon.co.uk/dp/B0GJCX773T
UK,B0G41LB3HZ,"Moleskine Weekly Planner 2026 2027-18-Month Planner with Space for Notes, Soft Cover and Elastic Closure, Myrtle Green Color, Large Size 13 x 21 cm","Stationery & Office Supplies > Calendars, Planners & Personal Organisers",34.43,100,4.5,83,6,False,30.99,4.65,2.8,4.65,0.93,0.65,17.31,0.27,4.0,8.94,10.43,9.57,7.75,81.0,813.0,2026-03-04,WATCH,medium,+ вход при закупке ≤$8.94 даёт маржу 25%; + Buy Box не у Amazon; + конкуренция умеренная (6 офферов),https://www.alibaba.com/trade/search?SearchText=weekly%20planner%20month%20space%20notes,keepa,0.261,270,Moleskine,UK_office,https://www.amazon.co.uk/dp/B0G41LB3HZ
UK,B0GSD3RT1W,"Birthday Cards, Happy Birthday Card with Music and Lights, 10Inch Forever Sunflower Bouquet, 3D Popup Birthday Card for Women Mum Wife Daughter Sister(Blank Notecard & Envelope)",Stationery & Office Supplies > Office Paper Products,16.83,200,4.6,213,1,False,15.15,2.27,3.92,2.27,0.45,0.65,5.58,0.25,4.0,1.48,2.21,1.79,3.79,211.3,795.0,2026-03-13,WATCH,medium,+ продажи ≈200/мес; + Buy Box не у Amazon; + конкуренция умеренная (1 офферов),https://www.alibaba.com/trade/search?SearchText=birthday%20cards%20happy%20card%20music,keepa,0.16,130,Yinqing,UK_office,https://www.amazon.co.uk/dp/B0GSD3RT1W
UK,B0GN858N6C,"Tamodeix Counterfeit Money Detector with Money Checker Pen Bundle, LED UV Fake Note Checker, USB-C Powered NX-115A",Stationery & Office Supplies > Office Supplies,19.43,200,4.5,28,1,False,17.49,2.62,3.96,2.62,0.52,0.65,7.11,0.39,4.0,2.25,3.1,2.73,4.37,159.9,787.0,2026-02-13,WATCH,medium,+ продажи ≈200/мес; + Buy Box не у Amazon; + конкуренция умеренная (1 офферов),https://www.alibaba.com/trade/search?SearchText=counterfeit%20money%20detector%20checker%20pen,keepa,0.487,390,Tamodeix,UK_office,https://www.amazon.co.uk/dp/B0GN858N6C
UK,B0GXZS1XZ2,"Academic Year Wall Planner 2026-2027 with Extra Wide Size (120 x 42 cm) | Mid Year 26/27 Wall-Planner Runs Aug ’26 to Jul ’27 | Excellent for office, home and school. | Non Laminated, ROLLED DELIVERY","Stationery & Office Supplies > Calendars, Planners & Personal Organisers",16.63,200,4.5,2214,1,False,14.96,2.24,3.92,2.24,0.45,0.65,5.46,0.25,4.0,1.41,2.13,1.72,3.74,218.1,786.0,2026-04-21,WATCH,medium,+ продажи ≈200/мес; + Buy Box не у Amazon; + конкуренция умеренная (1 офферов),https://www.alibaba.com/trade/search?SearchText=academic%20year%20wall%20planner%20extra,keepa,0.074,140,planners4winners,UK_office,https://www.amazon.co.uk/dp/B0GXZS1XZ2
UK,B0GVNQCM76,CROWNSHOP 32 PCS Wall Mounted Storage Bins Kit 64 * 41cm Garage Boxes Plastic Rack Parts Organiser Utility Kit With Stackable Boxes for Garage Workshop (Red+Black 70PCS),DIY & Tools > Storage & Home Organisation,18.68,200,4.1,105,1,False,16.81,2.52,3.65,2.52,0.5,0.65,6.96,0.25,4.0,2.41,3.22,2.76,4.2,152.3,756.0,2026-04-01,WATCH,medium,+ продажи ≈200/мес; + Buy Box не у Amazon; + конкуренция умеренная (1 офферов); − волатильность цены 0.655,https://www.alibaba.com/trade/search?SearchText=wall%20mounted%20storage%20bins%20kit,estimate,0.655,-1,CROWNSHOP,UK_tools_diy,https://www.amazon.co.uk/dp/B0GVNQCM76
UK,B0H1K69XJW,2nd Class Stamps - 6 Pack - Barcoded Self Adhesive Postage Stamp for UK Letter - Self Adhesive Stamps,Stationery & Office Supplies > Envelopes & Mailing Supplies,16.63,200,5.0,3,1,False,14.96,2.24,2.38,2.24,0.45,0.65,7.0,0.25,4.0,2.89,3.61,3.26,3.74,114.9,748.0,2026-05-12,WATCH,medium,+ продажи ≈200/мес; + Buy Box не у Amazon; + конкуренция умеренная (1 офферов),https://www.alibaba.com/trade/search?SearchText=class%20stamps%20barcoded%20self%20adhesive,keepa,0.0,10,Thymera,UK_office,https://www.amazon.co.uk/dp/B0H1K69XJW
UK,B0GXY39HYL,Kideerly 30pack End of Term Gifts for Children Students ，End of Year Class Gifts for 30 Children Motivational Pen/Cards to Pupils/Bags School Leavers Gift Class From Teacher Christmas Gift,"Stationery & Office Supplies > Pens, Pencils & Writing Supplies",16.31,200,4.8,6,1,False,14.68,2.2,3.53,2.2,0.44,0.65,5.65,0.36,4.0,1.56,2.27,1.98,3.67,184.9,734.0,2026-04-22,WATCH,medium,+ продажи ≈200/мес; + Buy Box не у Amazon; + конкуренция умеренная (1 офферов),https://www.alibaba.com/trade/search?SearchText=end%20term%20gifts%20children%20students,keepa,0.293,360,Kideerly,UK_office,https://www.amazon.co.uk/dp/B0GXY39HYL
UK,B0GK9FJW2W,"Busy B Family Wall Calendar - Mid-Year Calendar Aug '26 - Aug '27 – Multi Spot Design – For Busy Families with 5 Columns, Storage Pockets, Ribbon Hanging Loop & Colour-Coded Stickers - 25.5 x 23.5cm","Stationery & Office Supplies > Calendars, Planners & Personal Organisers",15.58,200,4.3,130,3,False,14.02,2.1,3.9,2.1,0.42,0.65,4.84,0.26,4.0,1.04,1.71,1.34,3.5,261.9,701.0,2026-02-02,WATCH,medium,+ продажи ≈200/мес; + Buy Box не у Amazon; + конкуренция умеренная (3 офферов),https://www.alibaba.com/trade/search?SearchText=family%20wall%20calendar%20mid%20year,keepa,0.16,260,Busy B,UK_office,https://www.amazon.co.uk/dp/B0GK9FJW2W
UK,B0GT9C2NPT,"Quhombo Desk Organiser with File Holder,4-Tier Desk Organisers and Accessories with 2 Pen Holders and Drawer,Paper Letter Tray Storage with Magazine Holder for Home Office Supplies(black)",Stationery & Office Supplies > Office Supplies,30.71,100,4.7,11,1,False,27.64,4.15,4.25,4.15,0.83,0.65,13.62,1.78,4.0,4.74,6.07,6.71,6.91,103.0,691.0,2026-05-13,WATCH,medium,+ вход при закупке ≤$4.74 даёт маржу 25%; + Buy Box не у Amazon; + конкуренция умеренная (1 офферов),https://www.alibaba.com/trade/search?SearchText=desk%20organiser%20file%20holder%20tier,keepa,0.269,1780,Quhombo,UK_office,https://www.amazon.co.uk/dp/B0GT9C2NPT
UK,B0GVNCKCFG,"30 Sets You're Turtley Awesome Inspirational Gift,End of Term Gifts for Children Turtle Pens,School Leavers Gifts Class of 2026 for Students from Teacher,Employee Appreciation Gift for Coworker Team","Stationery & Office Supplies > Pens, Pencils & Writing Supplies",29.0,100,5.0,3,1,False,26.1,3.92,3.53,3.92,0.78,0.65,13.31,0.55,4.0,5.99,7.25,6.78,6.53,96.2,653.0,2026-04-01,WATCH,medium,+ вход при закупке ≤$5.99 даёт маржу 25%; + Buy Box не у Amazon; + конкуренция умеренная (1 офферов),https://www.alibaba.com/trade/search?SearchText=sets%20you%20turtley%20awesome%20inspirational,keepa,0.221,550,XIESUNUN,UK_office,https://www.amazon.co.uk/dp/B0GVNCKCFG
UK,B0GT681GBL,"GoPlanUK End Of Life Planner - I’m Dead Now What Book - UK Edition | Timeless Organiser File | Plan What To Do When You’re Gone, Important Details & Final Wishes | A5, 140-Page","Stationery & Office Supplies > Calendars, Planners & Personal Organisers",26.82,100,4.7,12,1,False,24.13,3.62,3.53,3.62,0.72,0.65,11.99,0.55,4.0,5.2,6.36,5.96,6.03,101.3,603.0,2026-03-19,WATCH,medium,+ вход при закупке ≤$5.20 даёт маржу 25%; + Buy Box не у Amazon; + конкуренция умеренная (1 офферов),https://www.alibaba.com/trade/search?SearchText=end%20life%20planner%20dead%20now,keepa,0.191,545,GoPlanUK,UK_office,https://www.amazon.co.uk/dp/B0GT681GBL
UK,B0GH146CXS,"Birthday Cards, Mothers Day Cards with Light and Music, Orchid Oasis, 10 Inch Forever Flower Bouquet, Greeting Card, Thank You Cards Get Well Soon for Her Women Wife Daughter Sister",Stationery & Office Supplies > Office Paper Products,19.44,100,4.6,208,1,False,17.5,2.62,2.7,2.62,0.52,0.65,8.37,0.25,4.0,3.61,4.45,4.0,4.37,109.4,459.0,2026-02-20,WATCH,medium,+ вход при закупке ≤$3.61 даёт маржу 25%; + Buy Box не у Amazon; + конкуренция умеренная (1 офферов),https://www.alibaba.com/trade/search?SearchText=birthday%20cards%20mothers%20day%20light,keepa,0.132,100,Yinqing,UK_office,https://www.amazon.co.uk/dp/B0GH146CXS
UK,B0GPFH726D,"LEGAMI - Set of 8 Erasable Gel Pens with Thermosensitive Erase Ink, Range of ink colours & barrel designs, 0.7mm Tip, Ladybug, Monster, Tiger, Butterfly and Farmyard Designs","Stationery & Office Supplies > Pens, Pencils & Writing Supplies",20.47,100,4.8,105,8,False,18.42,2.76,2.7,2.76,0.55,0.65,8.99,0.25,4.0,3.98,4.86,4.39,4.61,105.0,435.0,2026-02-20,WATCH,medium,+ вход при закупке ≤$3.98 даёт маржу 25%; + Buy Box не у Amazon; + конкуренция умеренная (8 офферов),https://www.alibaba.com/trade/search?SearchText=erasable%20gel%20pens%20thermosensitive%20erase,keepa,0.443,90,LEGAMI,UK_office,https://www.amazon.co.uk/dp/B0GPFH726D
UK,B0GXDVKLWT,"ZBXSNK 40Pcs Mini Multi-Coloured Pens in One 4-in-1, Cute Pens Bulk, Smooth Retractable Ballpoint Kids Pen, Party Bag Fillers for Kids, Classroom Teenagers Prizes, Girls Birthday Gifts","Stationery & Office Supplies > Pens, Pencils & Writing Supplies",17.91,100,5.0,1,1,False,16.12,2.42,3.96,2.42,0.48,0.65,6.19,0.45,4.0,1.64,2.42,2.16,4.03,186.6,403.0,2026-04-16,WATCH,medium,+ Buy Box не у Amazon; + конкуренция умеренная (1 офферов),https://www.alibaba.com/trade/search?SearchText=mini%20multi%20coloured%20pens%20one,keepa,0.0,450,ZBXSNK,UK_office,https://www.amazon.co.uk/dp/B0GXDVKLWT
UK,B0GP6WDR29,"LEGAMI Set of 7 Erasable Gel Pens with Heat Sensitive Ink, Assorted Colours Ladybird, Lama, Bunny, Shark, Giraffe, Monster and Teddy 0.7mm Tip","Stationery & Office Supplies > Pens, Pencils & Writing Supplies",16.5,100,4.5,1873,11,False,14.85,2.23,2.46,2.23,0.45,0.65,6.84,0.25,4.0,2.77,3.48,3.13,3.71,118.7,390.0,2026-02-26,WATCH,medium,+ Buy Box не у Amazon; + конкуренция умеренная (11 офферов),https://www.alibaba.com/trade/search?SearchText=erasable%20gel%20pens%20heat%20sensitive,keepa,0.164,50,LEGAMI,UK_office,https://www.amazon.co.uk/dp/B0GP6WDR29
UK,B0GVNP6J38,Filofax A5 Week on two pages column format English Recycled paper 2027 diary 27-68521R,"Stationery & Office Supplies > Calendars, Planners & Personal Organisers",17.2,100,5.0,1,4,False,15.48,2.32,2.73,2.32,0.46,0.65,6.99,0.25,4.0,2.76,3.51,3.12,3.87,123.9,387.0,2026-04-03,WATCH,medium,+ Buy Box не у Amazon; + конкуренция умеренная (4 офферов),https://www.alibaba.com/trade/search?SearchText=week%20two%20pages%20column%20format,keepa,0.016,160,Filofax,UK_office,https://www.amazon.co.uk/dp/B0GVNP6J38
UK,B0G69MLBY2,"mountova Motorcycle Pop Up Card for Men & Women, 3D Greeting Card with MUSIC & LIGHT for Birthday, Anniversary, Father's Day, Unique Gift for Him,Her,Dad,Mom,Son,Grandpa,Husband,Wife",Stationery & Office Supplies > Office Paper Products,16.6,100,4.8,45,1,False,14.94,2.24,2.69,2.24,0.45,0.65,6.67,0.25,4.0,2.58,3.3,2.94,3.74,127.3,374.0,2026-04-14,WATCH,medium,+ Buy Box не у Amazon; + конкуренция умеренная (1 офферов),https://www.alibaba.com/trade/search?SearchText=motorcycle%20pop%20card%20men%20women,keepa,0.143,70,mountova,UK_office,https://www.amazon.co.uk/dp/B0G69MLBY2
UK,B0GSMPZMMH,"Sailingvan Academic Diary 2026-2027 Page A Day A5, July 2026 - June 2027, 26-27 Mid Year Diary with Colorful Tabs, 400 Pages 80-gsm Paper, 2 Bookmarks, Pocket - 2026-27 Planner for Teachers, Students","Stationery & Office Supplies > Calendars, Planners & Personal Organisers",15.71,100,4.7,9,1,False,14.14,2.12,3.51,2.12,0.42,0.65,5.31,0.56,4.0,1.17,1.85,1.78,3.53,198.9,353.0,2026-03-15,WATCH,medium,+ Buy Box не у Amazon; + конкуренция умеренная (1 офферов),https://www.alibaba.com/trade/search?SearchText=academic%20diary%20page%20day%20july,keepa,0.228,560,Sailingvan,UK_office,https://www.amazon.co.uk/dp/B0GSMPZMMH
UK,B0GRFR7TSY,Sharpie Permanent Marker Pens Colouring Set | Limited Edition Colouring Pens | Fine Point | Assorted Colours | 18 Count,"Stationery & Office Supplies > Pens, Pencils & Writing Supplies",17.15,100,4.8,31,2,False,15.44,2.32,2.73,2.32,0.46,0.65,6.96,0.25,4.0,2.74,3.49,3.1,3.86,124.4,347.0,2026-03-18,WATCH,medium,"+ Buy Box не у Amazon; + конкуренция умеренная (2 офферов); − волатильность цены 0.664; − известный бренд — листинг = референс ниши, продаём PL-аналог",https://www.alibaba.com/trade/search?SearchText=permanent%20marker%20pens%20colouring%20limited,keepa,0.664,210,Sharpie,UK_office,https://www.amazon.co.uk/dp/B0GRFR7TSY
UK,B0GTLVL11V,Aodaer 36 Pack Assorted Pastel Plastic Inspirational Pens Motivational Quotes Ballpoint Pen Retractable Black Ink Year 6 Leavers Employee Appreciation Thank You Gifts for Students Teacher Colleague,"Stationery & Office Supplies > Pens, Pencils & Writing Supplies",15.44,100,5.0,1,1,False,13.89,2.08,3.53,2.08,0.42,0.65,5.13,0.26,4.0,1.34,2.01,1.66,3.47,209.9,347.0,2026-03-23,WATCH,medium,+ Buy Box не у Amazon; + конкуренция умеренная (1 офферов),https://www.alibaba.com/trade/search?SearchText=assorted%20pastel%20plastic%20inspirational%20pens,keepa,0.042,260,Aodaer,UK_office,https://www.amazon.co.uk/dp/B0GTLVL11V
UK,B0GSVTMZPZ,"Money Saving Wallet, 100 Envelopes Saving Challenge Binder, Money Wallets for Saving Cash, Budget Organizer Savings Book for Couples & Adults (Pink)",Stationery & Office Supplies > Envelopes & Mailing Supplies,11.14,100,5.0,1,1,False,10.02,1.5,3.12,1.5,0.3,0.65,2.95,0.25,4.0,0.18,0.66,0.44,2.51,570.2,226.0,2026-03-17,SKIP,medium,+ Buy Box не у Amazon; + конкуренция умеренная (1 офферов); − волатильность цены 1.036; − экономика не сходится (закупка ≤$0.66 при марже 20%),https://www.alibaba.com/trade/search?SearchText=money%20saving%20wallet%20envelopes%20challenge,keepa,1.036,90,Generic,UK_office,https://www.amazon.co.uk/dp/B0GSVTMZPZ
DE,B0GQHGFFHC,Dampfreiniger geeignet für zu Hause,"Küche, Haushalt & Wohnen > Haushaltsreiniger & Staubsauger",111.44,,4.4,135,1,False,100.3,15.04,4.41,15.04,3.01,0.7,62.09,1.82,4.0,33.84,38.66,37.01,25.07,67.7,0.0,2026-03-29,WATCH,medium,+ вход при закупке ≤$33.84 даёт маржу 25%; + Buy Box не у Amazon; + конкуренция умеренная (1 офферов),https://www.alibaba.com/trade/search?SearchText=dampfreiniger%20geeignet%20hause,keepa,0.285,1819,Likzest,,https://www.amazon.de/dp/B0GQHGFFHC
DE,B0GGL3B25P,"Ultraschall Schädlingsbekämpfer Plug-in, Elektronische Mausefallen & Insektenabwehr, Schädlingsbekämpfung für Nager, Rotauge, Ameise, Eichhörnchen, Spinne, Käfer, Maus, Ratte, Fledermaus für Zuhause",Drogerie & Körperpflege > Haushaltswaren,113.4,,,,2,False,102.06,15.31,3.5,15.31,3.06,0.7,64.18,0.29,4.0,36.9,41.81,38.66,25.51,66.0,0.0,,WATCH,medium,+ вход при закупке ≤$36.90 даёт маржу 25%; + Buy Box не у Amazon; + конкуренция умеренная (2 офферов); − волатильность цены 0.772,https://www.alibaba.com/trade/search?SearchText=ultraschall%20sch%20dlingsbek%20mpfer%20plug,keepa,0.772,290,BORHOOD,,https://www.amazon.de/dp/B0GGL3B25P
DE,B0GJ4NHH4L,"Reise-Dampfgarer für Kleidung, 100-240 V Dual-Voltage-Kleiderdampfer, 1000 W Handdampfer & Bügeleisen, 2-in-1, Reisegröße, für globale und europäische Reisen, Business, Zuhause, Space Grey","Küche, Haushalt & Wohnen > Waschen & Bügeln",86.37,,5.0,2,1,False,77.73,11.66,3.81,11.66,2.33,0.7,47.57,0.99,4.0,26.11,29.84,28.14,19.43,69.1,0.0,2026-03-07,WATCH,medium,+ вход при закупке ≤$26.11 даёт маржу 25%; + Buy Box не у Amazon; + конкуренция умеренная (1 офферов),https://www.alibaba.com/trade/search?SearchText=reise%20dampfgarer%20kleidung%20dual%20voltage,keepa,0.0,989,Ilake,,https://www.amazon.de/dp/B0GJ4NHH4L
DE,B0GT8GJ3TR,"Advinski Gartenschlauch, 15,2 m, nicht dehnbarer, flexibler Schlauch mit 10 Funktionen, leicht, knickfrei, stabil, auslaufsicher, tragbar, Wasserschlauch 15,2 m für Outdoor, Hof, Rasen, Autowäsche und",Garten > Garten- & Bewässerungsgeräte,74.67,,,,1,False,67.2,10.08,4.79,10.08,2.02,0.7,39.53,1.15,4.0,20.75,23.98,22.73,16.8,73.9,0.0,2026-05-06,WATCH,medium,+ вход при закупке ≤$20.75 даёт маржу 25%; + Buy Box не у Amazon; + конкуренция умеренная (1 офферов),https://www.alibaba.com/trade/search?SearchText=gartenschlauch%20nicht%20dehnbarer%20flexibler%20schlauch,keepa,0.119,1152,Advinski,,https://www.amazon.de/dp/B0GT8GJ3TR
DE,B0GXQRZRTR,"30 m nicht dehnbarer Gartenschlauch, 2026 Neuer, verbesserter nicht erweiterbarer Gartenwasserschlauch, ultraleichter und flexibler berstfester, knickfreier Gartenschlauch, Allwettereinsatz für Rasen",Garten > Garten- & Bewässerungsgeräte,187.33,,2.3,37,1,False,168.6,25.29,5.07,25.29,5.06,0.7,107.19,2.33,4.0,60.3,68.4,65.04,42.15,64.8,0.0,2026-05-15,WATCH,medium,+ вход при закупке ≤$60.30 даёт маржу 25%; + Buy Box не у Amazon; + конкуренция умеренная (1 офферов),https://www.alibaba.com/trade/search?SearchText=nicht%20dehnbarer%20gartenschlauch%20neuer%20verbesserter,keepa,0.417,2331,IBXFO,,https://www.amazon.de/dp/B0GXQRZRTR
DE,B0GXV7V7JL,"Fruchtfliegenfalle für Innen, Fliegenfallen für Zuhause Mückenfallen Haus Innen, Insektenfalle Innen mit Timer, 10 Stück Nachfüllungen (Blau)",Garten > Gartenarbeit,61.59,,4.5,104,1,False,55.43,8.31,4.39,8.31,1.66,0.7,32.05,0.79,4.0,16.73,19.4,18.19,13.86,76.2,0.0,,WATCH,medium,+ вход при закупке ≤$16.73 даёт маржу 25%; + Buy Box не у Amazon; + конкуренция умеренная (1 офферов),https://www.alibaba.com/trade/search?SearchText=fruchtfliegenfalle%20innen%20fliegenfallen%20zuhause%20ckenfallen,keepa,0.0,789,CHEER UPs,,https://www.amazon.de/dp/B0GXV7V7JL
DE,B0H2X17J1Z,"15,2 m Gartenschlauch, ultraleichter Allwetter-Wasserschlauch, langlebig & flexibel, integriertes Ventil, auslaufsichere Anschlüsse, TPU-Wasserschlauch, Trinkwassersicher",Garten > Garten- & Bewässerungsgeräte,67.36,,,,1,False,60.63,7.88,3.81,9.09,1.82,0.7,37.32,1.02,4.0,20.33,23.25,22.17,15.16,68.4,0.0,2026-06-18,WATCH,medium,+ вход при закупке ≤$20.33 даёт маржу 25%; + Buy Box не у Amazon; + конкуренция умеренная (1 офферов),https://www.alibaba.com/trade/search?SearchText=gartenschlauch%20ultraleichter%20allwetter%20wasserschlauch%20langlebig,keepa,0.0,1021,SUTREKY,,https://www.amazon.de/dp/B0H2X17J1Z
